date,interval_index,interval_start,interval_end,price_yuan_per_kwh,actual_net_load_kwh,forecast_center_kwh,forecast_risk_kwh,original_plan_kwh,accepted_plan_kwh,used_plan_kwh,emergency_kwh,charge_kwh,discharge_kwh,curtail_kwh,storage_kwh
2025-02-01,1,00:00,00:10,0.4248,422.0303667,483.0945757343276,522.0551489134834,1356.4520170991182,1356.4520170991182,1255.3637000333333,0.0,833.3333333333333,0.0,0.0,6750.0
2025-02-01,2,00:10,00:20,0.4245,415.4073167,486.2749453640487,520.4987095190486,1369.452345297382,1369.452345297382,1248.7406500333332,0.0,833.3333333333333,0.0,0.0,7500.0
2025-02-01,3,00:20,00:30,0.4269,410.7166667,495.7871394596309,525.5774210804616,1340.298806192964,1340.298806192964,1244.0500000333332,0.0,833.3333333333333,0.0,0.0,8250.0
2025-02-01,4,00:30,00:40,0.4272,430.2948,488.7181493834863,522.6992679154331,1336.3221275568128,1336.3221275568128,1263.6281333333332,0.0,833.3333333333333,0.0,0.0,9000.0
2025-02-01,5,00:40,00:50,0.4271,424.4105833,499.01269715385075,524.7649000075329,1357.2170842635787,1357.2170842635787,1257.7439166333334,0.0,833.3333333333333,0.0,0.0,9750.0
2025-02-01,6,00:50,01:00,0.4285,406.0516667,506.27483662134216,553.1253564431122,514.6096189930877,514.6096189930877,406.0516667,0.0,0.0,0.0,0.0,9750.0
2025-02-01,7,01:00,01:10,0.4311,436.7501833,522.6053070889345,555.1443272816216,519.0982931004178,519.0982931004178,436.7501833,0.0,0.0,0.0,0.0,9750.0
2025-02-01,8,01:10,01:20,0.4302,451.7976833,525.7146838384593,557.856456939708,522.5430482000473,522.5430482000473,451.7976833,0.0,0.0,0.0,0.0,9750.0
2025-02-01,9,01:20,01:30,0.4279,446.08,510.3600221480882,572.274533037299,893.1701897146154,893.1701897146154,779.4133333333333,0.0,333.3333333333333,0.0,0.0,10050.0
2025-02-01,10,01:30,01:40,0.4312,471.7663333,524.2071014831281,574.4469056756282,582.6949348331281,582.6949348331281,471.7663333,0.0,0.0,0.0,0.0,10050.0
2025-02-01,11,01:40,01:50,0.4333,448.0259667,530.5531829638222,569.4243850688222,565.6858413638223,565.6858413638223,448.0259667,0.0,0.0,0.0,0.0,10050.0
2025-02-01,12,01:50,02:00,0.4311,397.4033333,535.3195827689058,575.2029289224756,526.2834950123636,526.2834950123636,397.4033333,0.0,0.0,0.0,0.0,10050.0
2025-02-01,13,02:00,02:10,0.4293,434.0906333,532.7300323754162,562.3504714692378,577.2741073754162,577.2741073754162,434.0906333,0.0,0.0,0.0,0.0,10050.0
2025-02-01,14,02:10,02:20,0.4324,490.5609167,538.1396860348927,572.8960297494156,577.7146193348926,577.7146193348926,490.5609167,0.0,0.0,0.0,0.0,10050.0
2025-02-01,15,02:20,02:30,0.4367,503.22,543.5219772456473,565.3368026136113,524.7319772456473,524.7319772456473,503.22,0.0,0.0,0.0,0.0,10050.0
2025-02-01,16,02:30,02:40,0.4348,474.0728167,544.9932227715459,573.9347376848967,555.9069540124655,555.9069540124655,474.0728167,0.0,0.0,0.0,0.0,10050.0
2025-02-01,17,02:40,02:50,0.4335,461.3844,548.2705168835355,605.1149885211023,585.8328668835354,585.8328668835354,461.3844,0.0,0.0,0.0,0.0,10050.0
2025-02-01,18,02:50,03:00,0.4357,476.9416667,558.8367485941842,612.3088698200097,586.7082840314455,586.7082840314455,476.9416667,0.0,0.0,0.0,0.0,10050.0
2025-02-01,19,03:00,03:10,0.4374,483.39955,555.1139613296108,585.9719986372126,553.1636012707589,553.1636012707589,483.39955,0.0,0.0,0.0,0.0,10050.0
2025-02-01,20,03:10,03:20,0.4371,486.6019167,557.5901494834895,590.3522030508132,563.1351411334896,563.1351411334896,486.6019167,0.0,0.0,0.0,0.0,10050.0
2025-02-01,21,03:20,03:30,0.4356,498.8483333,562.047412226385,605.9959792401828,588.190745576385,588.190745576385,498.8483333,0.0,0.0,0.0,0.0,10050.0
2025-02-01,22,03:30,03:40,0.4353,518.3097333,552.3864759377982,602.763793246512,609.7092926377982,609.7092926377982,518.3097333,0.0,0.0,0.0,0.0,10050.0
2025-02-01,23,03:40,03:50,0.436,509.1334667,561.0486055847376,609.2652832030311,625.1271556347376,625.1271556347376,509.1334667,0.0,0.0,0.0,0.0,10050.0
2025-02-01,24,03:50,04:00,0.4378,483.6166667,579.2503112642125,627.4137389318906,615.0938870375008,615.0938870375008,483.6166667,0.0,0.0,0.0,0.0,10050.0
2025-02-01,25,04:00,04:10,0.4401,491.1868,571.4814565254459,605.2958494719171,621.6725148754459,621.6725148754459,491.1868,0.0,0.0,0.0,0.0,10050.0
2025-02-01,26,04:10,04:20,0.4389,504.6452833,565.3802879040772,597.4371151499931,590.0986820645586,590.0986820645586,504.6452833,0.0,0.0,0.0,0.0,10050.0
2025-02-01,27,04:20,04:30,0.4364,505.5783333,573.5890661848858,630.1323691407447,609.9863896103413,609.9863896103413,505.5783333,0.0,0.0,0.0,0.0,10050.0
2025-02-01,28,04:30,04:40,0.4393,503.2309667,587.354763716689,630.3303693028226,603.7796387166891,603.7796387166891,503.2309667,0.0,0.0,0.0,0.0,10050.0
2025-02-01,29,04:40,04:50,0.4422,502.84674996666666,585.2634738640131,653.6369167209624,615.987148814013,615.987148814013,502.84674996666666,0.0,0.0,0.0,0.0,10050.0
2025-02-01,30,04:50,05:00,0.4395,499.6416667,588.3769613121211,632.7708769443486,580.2144612621212,580.2144612621212,499.6416667,0.0,0.0,0.0,0.0,10050.0
2025-02-01,31,05:00,05:10,0.4333,488.7835833,589.6461032292253,616.9449261218141,606.1641897244222,606.1641897244222,488.7835833,0.0,0.0,0.0,0.0,10050.0
2025-02-01,32,05:10,05:20,0.4439,498.515433333333,598.9929040084257,654.4279426254844,645.4206316587675,645.4206316587675,498.515433333333,0.0,0.0,0.0,0.0,10050.0
2025-02-01,33,05:20,05:30,0.4301,529.2233333,593.0167707005287,633.7376848133002,644.2434374005287,644.2434374005287,529.2233333,0.0,0.0,0.0,0.0,10050.0
2025-02-01,34,05:30,05:40,0.3713,547.4103167,598.3380691678931,630.8361131511549,1448.0714691512262,1448.0714691512262,1380.7436500333333,0.0,833.3333333333333,0.0,0.0,10800.0
2025-02-01,35,05:40,05:50,0.5708,531.18116666667,613.5808537781079,666.8026105174864,667.6985787781078,667.6985787781078,531.18116666667,0.0,0.0,0.0,0.0,10800.0
2025-02-01,36,05:50,06:00,0.9099,510.9833333,638.8509931107076,686.2147692575004,197.59910182294425,197.59910182294425,21.026442012236657,0.0,0.0,489.95689128776337,0.0,10255.603454124708
2025-02-01,37,06:00,06:10,0.9368,535.1871833,648.623356211974,666.7037062119741,176.4669729782397,176.4669729782397,48.8543667996056,0.0,0.0,486.3328165003944,0.0,9715.23365801316
2025-02-01,38,06:10,06:20,0.8758,533.3553333333,650.9425907846512,686.5591741179511,182.41458075318894,182.41458075318894,45.56051495183772,0.0,0.0,487.7948183814623,0.0,9173.23941536709
2025-02-01,39,06:20,06:30,0.8759,504.52,635.9432927473046,676.892564663841,206.28480141219825,206.28480141219825,35.373175364893655,0.0,0.0,469.1468246351063,0.0,8651.965165772528
2025-02-01,40,06:30,06:40,0.8601,519.5536833,644.4935550738462,683.6769585842143,171.95146816735905,171.95146816735905,42.08588815803739,0.0,0.0,477.4677951419626,0.0,8121.44539339257
2025-02-01,41,06:40,06:50,0.8442,551.48008333,671.0035270633006,702.8631528628554,155.42164384746718,155.42164384746718,38.33381529608209,0.0,0.0,513.1462680339179,0.0,7551.282873354883
2025-02-01,42,06:50,07:00,0.8334,552.0416667,676.9692965946464,696.1365909316786,163.23540767942916,163.23540767942916,24.667986134782723,0.0,0.0,527.3736805652172,0.0,6965.312117171308
2025-02-01,43,07:00,07:10,0.8092,514.5580500000001,656.9829302853699,691.3005019712675,119.92478531746701,119.92478531746701,0.0,0.0,0.0,514.5580500000001,0.0,6393.580950504642
2025-02-01,44,07:10,07:20,0.7972,447.90855,608.3945665945092,631.2823975420572,117.98406271781482,117.98406271781482,0.0,0.0,0.0,447.90855,0.0,5895.904783837976
2025-02-01,45,07:20,07:30,0.7644,389.42416669999994,559.1474707397139,586.9501478747138,167.65825670600753,167.65825670600753,0.0,0.0,0.0,389.42416669999994,0.0,5463.21126528242
2025-02-01,46,07:30,07:40,0.6899,377.65374999999995,493.3757628321904,542.0932719896903,186.83256822749075,186.83256822749075,34.68478874530052,0.0,0.0,342.9689612546994,0.0,5082.134641666087
2025-02-01,47,07:40,07:50,0.86,361.16134999999997,471.62585854583074,514.6401952617618,254.39389211685653,254.39389211685653,126.33315872102577,0.0,0.0,234.8281912789742,0.0,4821.214429133894
2025-02-01,48,07:50,08:00,1.1617,299.92291670000003,484.31321185063535,521.1048875461731,345.0689390196058,345.0689390196058,167.2853098689705,0.0,0.0,132.63760683102953,0.0,4673.83931043275
2025-02-01,49,08:00,08:10,1.1683,202.22623330000005,443.39868868252404,493.6838147829985,346.6595612659728,346.6595612659728,109.3821391834486,0.0,0.0,92.84409411655145,0.0,4570.6792058588035
2025-02-01,50,08:10,08:20,1.0956,129.7926,380.8825174678145,420.83747501945754,293.5558210275864,293.5558210275864,47.51009037510096,0.0,0.0,82.28250962489903,0.0,4479.254195164472
2025-02-01,51,08:20,08:30,1.0849,86.28458330000001,332.44683326309257,376.17522717830775,270.23578677209025,270.23578677209025,18.480129292091874,0.0,0.0,67.80445400790813,0.0,4403.915912933463
2025-02-01,52,08:30,08:40,1.061,35.96915000000001,282.1946483413847,310.81137656173246,279.3863105187132,279.3863105187132,28.010616148803365,0.0,0.0,7.958533851196648,0.0,4395.073097543244
2025-02-01,53,08:40,08:50,1.043,62.45393330000002,253.35056965766933,289.7363807641708,272.23295063186856,272.23295063186856,62.45393330000002,0.0,0.0,0.0,0.0,4395.073097543244
2025-02-01,54,08:50,09:00,1.036,115.17666669999994,259.22733594666727,319.34539544339947,279.87031031241366,279.87031031241366,108.92422406574639,0.0,0.0,6.252442634253555,0.0,4388.12593906074
2025-02-01,55,09:00,09:10,1.0147,45.82411669999999,237.47492609109474,277.7983916173707,242.07211572228545,242.07211572228545,39.974805631190804,0.0,0.0,5.849311068809186,0.0,4381.626704539841
2025-02-01,56,09:10,09:20,0.9922,-31.360500000000002,190.52580704774556,230.40383866659005,197.00365739774549,197.00365739774549,0.0,0.0,0.0,0.0,31.360500000000002,4381.626704539841
2025-02-01,57,09:20,09:30,0.97,-61.7008333,133.01957940882664,196.2196306716515,130.6272879088267,130.6272879088267,0.0,0.0,0.0,0.0,61.7008333,4381.626704539841
2025-02-01,58,09:30,09:40,0.9422,-105.10811660000002,98.86134611114473,149.86976536183616,138.55286938500348,138.55286938500348,0.0,0.0,0.0,0.0,105.10811660000002,4381.626704539841
2025-02-01,59,09:40,09:50,0.9569,-170.19724999999994,71.70935397409977,127.00495136655282,106.08966738453566,106.08966738453566,0.0,0.0,0.0,0.0,170.19724999999994,4381.626704539841
2025-02-01,60,09:50,10:00,0.9977,-215.4304166999999,23.55693013541004,93.78391772541963,95.67366100209786,95.67366100209786,0.0,0.0,0.0,0.0,215.4304166999999,4381.626704539841
2025-02-01,61,10:00,10:10,0.9919,-200.41763330000003,2.1286164706383346,46.27639050212632,46.2494910706382,46.2494910706382,0.0,0.0,0.0,0.0,200.41763330000003,4381.626704539841
2025-02-01,62,10:10,10:20,0.9588,-226.92018329999996,-25.753143763902358,28.0033075516265,20.960947436097854,20.960947436097854,0.0,0.0,0.0,0.0,226.92018329999996,4381.626704539841
2025-02-01,63,10:20,10:30,0.9549,-292.2254167,-72.56783188746553,52.40468876049094,24.185918112534665,24.185918112534665,0.0,0.0,0.0,0.0,292.2254167,4381.626704539841
2025-02-01,64,10:30,10:40,0.9839,-301.08773340000005,-94.4400421180681,-50.70833349402064,0.0,0.0,0.0,0.0,50.81220066806816,0.0,250.2755327319319,4427.357685141103
2025-02-01,65,10:40,10:50,0.799,-343.2174,-124.39997380056903,-101.56456867494461,0.0,0.0,0.0,0.0,97.32397380056901,0.0,245.893426199431,4514.949261561615
2025-02-01,66,10:50,11:00,0.5025,-407.35000000000014,-151.9558665078816,-129.05378350788177,0.0,0.0,0.0,0.0,110.99725483166227,0.0,296.35274516833783,4614.846790910111
2025-02-01,67,11:00,11:10,0.4662,-388.483467,-169.26314961623942,-87.57418932197761,302.56126807193846,302.56126807193846,104.41972235085143,0.0,492.90318935085145,0.0,0.0,5058.459661325877
2025-02-01,68,11:10,11:20,0.5007,-395.2400663000001,-182.57635758390776,-108.16502423080499,0.0,0.0,0.0,0.0,202.24857267649665,0.0,192.99149362350343,5240.4833767347245
2025-02-01,69,11:20,11:30,0.4827,-444.52750000000003,-201.291721083805,-80.60960086359151,0.0,0.0,0.0,0.0,152.4779383781398,0.0,292.0495616218602,5377.71352127505
2025-02-01,70,11:30,11:40,0.4785,-444.10710000000006,-206.3378934657444,-45.52748210679624,0.0,0.0,0.0,0.0,152.63879732539203,0.0,291.468302674608,5515.088438867902
2025-02-01,71,11:40,11:50,0.4662,-448.2673337,-208.2248771238214,-64.28297120999335,664.971755909512,664.971755909512,385.06599963333326,0.0,833.3333333333333,0.0,0.0,6265.088438867902
2025-02-01,72,11:50,12:00,0.4432,-460.6229167,-235.30576535307952,-135.17118669523936,636.2896911979042,636.2896911979042,372.71041663333324,0.0,833.3333333333333,0.0,0.0,7015.088438867902
2025-02-01,73,12:00,12:10,0.4411,-428.64181669999994,-260.88184219208455,-56.295267502710516,654.0711311401709,654.0711311401709,404.6915166333333,0.0,833.3333333333333,0.0,0.0,7765.088438867902
2025-02-01,74,12:10,12:20,0.4551,-426.38726699999995,-270.2426459522018,-105.23963303021773,674.6404873811316,674.6404873811316,406.9460663333333,0.0,833.3333333333333,0.0,0.0,8515.088438867902
2025-02-01,75,12:20,12:30,0.4463,-458.39083329999994,-249.43813333045662,-104.86200966255882,703.3364500028765,703.3364500028765,374.9425000333333,0.0,833.3333333333333,0.0,0.0,9265.088438867902
2025-02-01,76,12:30,12:40,0.4113,-450.9836002999999,-244.1778280888753,-125.1775590421556,672.7240254649632,672.7240254649632,382.34973303333334,0.0,833.3333333333333,0.0,0.0,10015.088438867902
2025-02-01,77,12:40,12:50,0.5682,-425.65438329999995,-219.25508689021137,-57.18629563887717,0.0,0.0,0.0,0.0,146.88041837139224,0.0,278.7739649286077,10147.280815402155
2025-02-01,78,12:50,13:00,0.8279,-413.54333329999986,-211.33773626849538,-75.02464666910242,0.0,0.0,0.0,0.0,137.8069027120555,0.0,275.73643058794437,10271.307027843004
2025-02-01,79,13:00,13:10,0.8636,-421.6486837,-204.03708670836008,-86.14883271433536,0.0,0.0,0.0,0.0,162.168680513852,0.0,259.480003186148,10417.25884030547
2025-02-01,80,13:10,13:20,0.8416,-422.72443299999986,-182.51371004964767,-70.30240402589287,0.0,0.0,0.0,0.0,170.6244601324645,0.0,252.09997286753537,10570.820854424688
2025-02-01,81,13:20,13:30,0.8618,-410.2679167,-145.83959544173854,-37.31902664337666,0.0,0.0,0.0,0.0,126.2340840895973,0.0,284.03383261040267,10684.431530105327
2025-02-01,82,13:30,13:40,0.8623,-392.4757167,-97.95064205176439,61.6542127569879,0.0,0.0,0.0,0.0,52.82848190854119,0.0,339.6472347914588,10731.977163823014
2025-02-01,83,13:40,13:50,0.9026,-323.7071333,-75.27803954704946,62.02087902412501,0.0,0.0,0.0,0.0,54.93782458404753,0.0,268.7693087159525,10781.421205948656
2025-02-01,84,13:50,14:00,0.9754,-233.54250000000002,-45.1751489345003,101.0583551870276,0.0,0.0,0.0,0.0,20.643104501493024,0.0,212.899395498507,10800.0
2025-02-01,85,14:00,14:10,1.0002,-202.90003339999998,-24.107152929331235,56.713407066389316,0.0,0.0,0.0,0.0,0.0,0.0,202.90003339999998,10800.0
2025-02-01,86,14:10,14:20,0.9978,-166.2688167,-15.516092522032672,33.6550308101748,3.4144915884663405,3.4144915884663405,0.0,0.0,0.0,0.0,166.2688167,10800.0
2025-02-01,87,14:20,14:30,1.0271,-116.58833329999993,3.9776275193410697,40.50464893971317,34.98468232011453,34.98468232011453,0.0,0.0,0.0,0.0,116.58833329999993,10800.0
2025-02-01,88,14:30,14:40,1.0906,-112.44431670000006,73.82486764469999,128.12274023239422,105.03500024470006,105.03500024470006,0.0,0.0,0.0,0.0,112.44431670000006,10800.0
2025-02-01,89,14:40,14:50,0.9376,-93.76723330000004,123.00666412309711,221.84681235102138,189.96896482309688,189.96896482309688,0.0,0.0,0.0,0.0,93.76723330000004,10800.0
2025-02-01,90,14:50,15:00,0.6694,-35.801666700000055,140.44022465189335,206.93594672118832,198.35355815189342,198.35355815189342,0.0,0.0,0.0,0.0,35.801666700000055,10800.0
2025-02-01,91,15:00,15:10,0.66,28.42915000000005,183.74502740922412,209.18887900423942,189.23061025922402,189.23061025922402,28.42915000000005,0.0,0.0,0.0,0.0,10800.0
2025-02-01,92,15:10,15:20,0.7217,97.93406660000005,233.89865301915978,267.05348302053255,219.1859863691597,219.1859863691597,97.93406660000005,0.0,0.0,0.0,0.0,10800.0
2025-02-01,93,15:20,15:30,0.7308,158.01749999999998,286.03803636056085,326.551025571191,303.7982592738486,303.7982592738486,158.01749999999998,0.0,0.0,0.0,0.0,10800.0
2025-02-01,94,15:30,15:40,0.7534,183.16034999999994,347.898001676527,381.36924582467645,368.3906681085293,368.3906681085293,183.16034999999994,0.0,0.0,0.0,0.0,10800.0
2025-02-01,95,15:40,15:50,0.7823,194.13805000000002,390.6297152591259,398.3130608759034,390.48467405912595,390.48467405912595,194.13805000000002,0.0,0.0,0.0,0.0,10800.0
2025-02-01,96,15:50,16:00,0.8055,219.81875000000002,424.67732418991204,467.0032827649121,464.1431576899122,464.1431576899122,219.81875000000002,0.0,0.0,0.0,0.0,10800.0
2025-02-01,97,16:00,16:10,0.8271,272.90835,447.3422799944347,463.22181229464314,434.6700952515553,434.6700952515553,272.90835,0.0,0.0,0.0,0.0,10800.0
2025-02-01,98,16:10,16:20,0.8519,318.59455,498.60506558372185,503.90068994440213,508.11226488372176,508.11226488372176,318.59455,0.0,0.0,0.0,0.0,10800.0
2025-02-01,99,16:20,16:30,0.8791,360.7441667,567.0071896612542,578.2034290174948,569.7296896612542,569.7296896612542,360.7441667,0.0,0.0,0.0,0.0,10800.0
2025-02-01,100,16:30,16:40,0.9024,424.7672667,606.7921452538343,614.5444726588132,611.6903625838344,611.6903625838344,424.7672667,0.0,0.0,0.0,0.0,10800.0
2025-02-01,101,16:40,16:50,0.9163,426.10655,608.851160952652,621.3512873349297,591.7770582170285,591.7770582170285,426.10655,0.0,0.0,0.0,0.0,10800.0
2025-02-01,102,16:50,17:00,0.9264,387.07374999999996,591.7400884574977,607.3117252356085,600.7554738662618,600.7554738662618,387.07374999999996,0.0,0.0,0.0,0.0,10800.0
2025-02-01,103,17:00,17:10,0.9462,417.64608337,604.7858683577954,645.8995696327953,645.8305848577954,645.8305848577954,417.64608337,0.0,0.0,0.0,0.0,10800.0
2025-02-01,104,17:10,17:20,0.9742,439.7808,619.6012779835512,661.3699074835587,639.4809028039718,639.4809028039718,439.7808,0.0,0.0,0.0,0.0,10800.0
2025-02-01,105,17:20,17:30,0.9862,436.1366667,624.2255936182883,648.0559246552848,294.34063899722423,294.34063899722423,94.86712279896028,0.0,0.0,341.2695439010397,0.0,10420.811617887734
2025-02-01,106,17:30,17:40,0.976,445.3057167,625.1790240469577,669.065674456285,361.7441437171065,361.7441437171065,184.28515556996456,0.0,0.0,261.02056113003545,0.0,10130.788772187694
2025-02-01,107,17:40,17:50,1.0742,439.8926333,591.789958885807,624.9408417638933,236.50070094034686,236.50070094034686,76.07001314903943,0.0,0.0,363.8226201509606,0.0,9726.541416464404
2025-02-01,108,17:50,18:00,1.2313,428.47,537.8685632335907,577.0170081788151,142.51509660774087,142.51509660774087,0.7809342319820303,0.0,0.0,427.689065768018,0.0,9251.331343388829
2025-02-01,109,18:00,18:10,1.2561,454.13505,540.2447437631324,567.3891309621669,133.08169136277712,133.08169136277712,43.89270776727932,0.0,0.0,410.24234223272066,0.0,8795.506518685806
2025-02-01,110,18:10,18:20,1.2447,472.2653167,544.7410530559939,574.6583770532219,150.52119810752157,150.52119810752157,92.4471331068437,0.0,0.0,379.81818359315633,0.0,8373.486314693411
2025-02-01,111,18:20,18:30,1.2545,454.1683333,526.851798279368,542.0212440118509,149.00664687364429,149.00664687364429,77.95520701353695,0.0,0.0,376.213126286463,0.0,7955.471729930675
2025-02-01,112,18:30,18:40,1.2522,418.37263329999996,536.4169999578403,571.396871239726,166.18181037997527,166.18181037997527,19.381234355009667,0.0,0.0,398.9913989449903,0.0,7512.14795332513
2025-02-01,113,18:40,18:50,1.2881,414.0822333,530.4540158620326,571.3023841967045,161.02772620756747,161.02772620756747,11.76161037886817,0.0,0.0,402.3206229211318,0.0,7065.125038968317
2025-02-01,114,18:50,19:00,1.3466,432.1383333,516.7167445244171,567.1071706608748,112.23126129503999,112.23126129503999,21.176734985307803,0.0,0.0,410.9615983146922,0.0,6608.501040840882
2025-02-01,115,19:00,19:10,1.3523,424.0141167,522.8636727670065,555.9158734933825,119.37243892794334,119.37243892794334,31.019457759909812,0.0,0.0,392.9946589400902,0.0,6171.840308685226
2025-02-01,116,19:10,19:20,1.3445,442.4124667,520.6680892871674,562.3678189292297,131.18838870046363,131.18838870046363,44.57811666511782,0.0,0.0,397.83435003488216,0.0,5729.8021419798015
2025-02-01,117,19:20,19:30,1.3483,483.7466667,546.6479780397525,580.3194760164662,155.12428000376974,155.12428000376974,60.86234373843672,0.0,0.0,422.88432296156327,0.0,5259.930672022509
2025-02-01,118,19:30,19:40,1.349,481.1844667,530.8500295172119,556.6522635365336,143.06054759379919,143.06054759379919,74.42631031784936,0.0,0.0,406.7581563821506,0.0,4807.97716493123
2025-02-01,119,19:40,19:50,1.3473,444.7659333,535.4446424217011,568.9532143608008,162.92378866137796,162.92378866137796,66.9822501519169,0.0,0.0,377.78368314808307,0.0,4388.217516988915
2025-02-01,120,19:50,20:00,1.3482,418.095,537.5878578669184,571.6859726289878,158.84071417508778,158.84071417508778,28.91485512586189,0.0,0.0,389.18014487413814,0.0,3955.7951337954282
2025-02-01,121,20:00,20:10,1.3513,436.7405167,546.6121184793668,582.8789622631928,168.45323604473174,168.45323604473174,18.72870850461021,0.0,0.0,418.0118081953898,0.0,3491.3375691338842
2025-02-01,122,20:10,20:20,1.34,452.69785,539.9217591119188,581.751580823875,153.55552867052546,153.55552867052546,44.41705395928676,0.0,0.0,408.28079604071326,0.0,3037.6922401997585
2025-02-01,123,20:20,20:30,1.3489,449.9683333,532.7136683638242,584.6759973769713,136.6087407124062,136.6087407124062,63.40507234858188,0.0,0.0,386.5632609514181,0.0,2608.177505809294
2025-02-01,124,20:30,20:40,1.3952,455.0667,532.5459362921715,568.0928843619555,143.34285137134572,143.34285137134572,63.08673259144757,0.0,0.0,391.97996740855245,0.0,2172.64420868868
2025-02-01,125,20:40,20:50,1.2226,454.0123667,555.3852514359367,588.2055587838465,161.7102360767439,161.7102360767439,34.18583371865964,0.0,0.0,419.82653298134034,0.0,1706.1702831538573
2025-02-01,126,20:50,21:00,0.9332,459.405,578.1293600935146,606.8990777060991,587.0810266935147,587.0810266935147,459.405,0.0,0.0,0.0,0.0,1706.1702831538573
2025-02-01,127,21:00,21:10,0.9068,497.4207667,558.7534584075079,592.6646200370246,571.4504417075079,571.4504417075079,497.4207667,0.0,0.0,0.0,0.0,1706.1702831538573
2025-02-01,128,21:10,21:20,0.9371,503.2831333,539.286993982567,579.453589726344,548.4466559504949,548.4466559504949,503.2831333,0.0,0.0,0.0,0.0,1706.1702831538573
2025-02-01,129,21:20,21:30,0.9371,477.5566667,545.39363991085,577.3281777644256,541.4405376122851,541.4405376122851,477.5566667,0.0,0.0,0.0,0.0,1706.1702831538573
2025-02-01,130,21:30,21:40,0.9871,479.13595,568.1959854915226,611.0443485821663,121.59907726225072,121.59907726225072,23.582695161528363,0.0,0.0,455.5532548384716,0.0,1200.0
2025-02-01,131,21:40,21:50,0.7764,450.2041,527.1943751081537,573.2911555729235,566.5893098301907,566.5893098301907,450.2041,0.0,0.0,0.0,0.0,1200.0
2025-02-01,132,21:50,22:00,0.4209,392.085,448.92338115804665,503.2149321289706,1312.7381307029816,1312.7381307029816,1225.4183333333333,0.0,833.3333333333333,0.0,0.0,1950.0
2025-02-01,133,22:00,22:10,0.3859,371.7698167,445.562831556942,489.6013514228923,1300.0736911599492,1300.0736911599492,1205.1031500333333,0.0,833.3333333333333,0.0,0.0,2700.0
2025-02-01,134,22:10,22:20,0.4368,363.5782167,460.5503353163304,499.96708533040106,475.44966866825786,475.44966866825786,363.5782167,0.0,0.0,0.0,0.0,2700.0
2025-02-01,135,22:20,22:30,0.4198,359.1566667,469.7788626565319,499.15130289569146,1314.2214211212327,1314.2214211212327,1192.4900000333332,0.0,833.3333333333333,0.0,0.0,3450.0
2025-02-01,136,22:30,22:40,0.4186,382.0507167,467.200954173795,485.71490514323864,1314.0248043618344,1314.0248043618344,1215.3840500333333,0.0,833.3333333333333,0.0,0.0,4200.0
2025-02-01,137,22:40,22:50,0.4241,417.1684167,455.2339216694959,514.7548319041124,466.78854006598647,466.78854006598647,417.1684167,0.0,0.0,0.0,0.0,4200.0
2025-02-01,138,22:50,23:00,0.4237,431.7966667,437.85958081040394,501.16854735339615,1308.1045807937371,1308.1045807937371,1265.1300000333333,0.0,833.3333333333333,0.0,0.0,4950.0
2025-02-01,139,23:00,23:10,0.4248,406.46495,459.94845724848847,498.14683876016704,490.238744863541,490.238744863541,406.46495,0.0,0.0,0.0,0.0,4950.0
2025-02-01,140,23:10,23:20,0.424,400.9598667,469.7682504857877,491.5045504857877,490.55057361636386,490.55057361636386,400.9598667,0.0,0.0,0.0,0.0,4950.0
2025-02-01,141,23:20,23:30,0.422,409.945,468.9064789844872,517.9298122844872,1309.4581457178206,1309.4581457178206,1243.2783333333332,0.0,833.3333333333333,0.0,0.0,5700.0
2025-02-01,142,23:30,23:40,0.424,387.2367,468.29523809252873,507.4737175232732,812.0702881258621,812.0702881258621,720.5700333333333,0.0,333.3333333333333,0.0,0.0,6000.0
2025-02-01,143,23:40,23:50,0.4271,454.71015,522.3461284962174,552.2854968832022,536.1444868462174,536.1444868462174,454.71015,0.0,0.0,0.0,0.0,6000.0
2025-02-01,144,23:50,24:00,0.4276,580.8233333,598.2006978946465,632.6034551950706,601.1573645446465,601.1573645446465,580.8233333,0.0,0.0,0.0,0.0,6000.0
2025-02-02,1,00:00,00:10,0.4248,598.66405,616.0235879747128,654.9841611538686,1489.3810293395036,1489.3810293395036,1431.9973833333333,0.0,833.3333333333333,0.0,0.0,6750.0
2025-02-02,2,00:10,00:20,0.4245,581.7344833,603.6182982128594,637.8420623678593,1486.7956981461925,1486.7956981461925,1415.0678166333332,0.0,833.3333333333333,0.0,0.0,7500.0
2025-02-02,3,00:20,00:30,0.4269,584.5933333,600.3578180117286,630.1480996325593,1444.8694847450618,1444.8694847450618,1417.9266666333333,0.0,833.3333333333333,0.0,0.0,8250.0
2025-02-02,4,00:30,00:40,0.4272,586.1028667,613.9885696755086,647.9696882074554,1461.5925478488352,1461.5925478488352,1419.4362000333333,0.0,833.3333333333333,0.0,0.0,9000.0
2025-02-02,5,00:40,00:50,0.4271,587.1968667,617.383533262016,643.1357361156983,1475.587920371744,1475.587920371744,1420.5302000333331,0.0,833.3333333333333,0.0,0.0,9750.0
2025-02-02,6,00:50,01:00,0.4285,596.0733333,621.19000030279,671.1653368974316,629.5247826745356,629.5247826745356,596.0733333,0.0,0.0,0.0,0.0,9750.0
2025-02-02,7,01:00,01:10,0.4311,612.0548167,630.7980023498837,663.3370225425708,627.290988361367,627.290988361367,612.0548167,0.0,0.0,0.0,0.0,9750.0
2025-02-02,8,01:10,01:20,0.4302,598.3243,638.7875914874406,670.9293645886893,635.6159558490286,635.6159558490286,598.3243,0.0,0.0,0.0,0.0,9750.0
2025-02-02,9,01:20,01:30,0.4279,572.2333333,642.3789835278808,704.2934944170916,1025.1891510944079,1025.1891510944079,905.5666666333334,0.0,333.3333333333333,0.0,0.0,10050.0
2025-02-02,10,01:30,01:40,0.4312,591.6527333,630.3475931718539,680.5873973643538,688.8354265218538,688.8354265218538,591.6527333,0.0,0.0,0.0,0.0,10050.0
2025-02-02,11,01:40,01:50,0.4333,624.2957,621.1262503346766,678.7601762467447,656.2589087346767,656.2589087346767,624.2957,0.0,0.0,0.0,0.0,10050.0
2025-02-02,12,01:50,02:00,0.4311,628.665,632.2922849824241,731.2231230834958,623.2561972258819,623.2561972258819,623.2561972258819,5.408802774118044,0.0,0.0,0.0,10050.0
2025-02-02,13,02:00,02:10,0.4293,599.0741167,656.6973017525311,693.2622247351245,701.2413767525311,701.2413767525311,599.0741167,0.0,0.0,0.0,0.0,10050.0
2025-02-02,14,02:10,02:20,0.4324,611.8605833,668.412963799216,703.1693075137388,707.9878970992158,707.9878970992158,611.8605833,0.0,0.0,0.0,0.0,10050.0
2025-02-02,15,02:20,02:30,0.4367,647.1383333,669.0989516992029,690.9137770671668,650.3089516992028,650.3089516992028,647.1383333,0.0,0.0,0.0,0.0,10050.0
2025-02-02,16,02:30,02:40,0.4348,618.5352333,669.6270811088118,698.5685960221626,680.5408123497314,680.5408123497314,618.5352333,0.0,0.0,0.0,0.0,10050.0
2025-02-02,17,02:40,02:50,0.4335,632.8425167,665.1298071091244,721.9742787466912,721.9742787466912,721.9742787466912,632.8425167,0.0,0.0,0.0,0.0,10050.0
2025-02-02,18,02:50,03:00,0.4357,682.7416667,673.1209873681712,726.5931085939967,700.9925228054325,700.9925228054325,682.7416667,0.0,0.0,0.0,0.0,10050.0
2025-02-02,19,03:00,03:10,0.4374,650.2912667,658.718498015398,689.5765353229998,656.7681379565462,656.7681379565462,650.2912667,0.0,0.0,0.0,0.0,10050.0
2025-02-02,20,03:10,03:20,0.4371,625.2837,670.2575631179234,703.019616685247,675.8025547679234,675.8025547679234,625.2837,0.0,0.0,0.0,0.0,10050.0
2025-02-02,21,03:20,03:30,0.4356,648.8266667,686.1961336794285,730.1447006932264,712.3394670294285,712.3394670294285,648.8266667,0.0,0.0,0.0,0.0,10050.0
2025-02-02,22,03:30,03:40,0.4353,667.2369667,669.2037863638136,719.5811036725274,726.5266030638136,726.5266030638136,667.2369667,0.0,0.0,0.0,0.0,10050.0
2025-02-02,23,03:40,03:50,0.436,658.5555,664.2665756143106,712.483253232604,728.3451256643106,728.3451256643106,658.5555,0.0,0.0,0.0,0.0,10050.0
2025-02-02,24,03:50,04:00,0.4378,637.655,692.2995181071262,761.7614894294028,749.1878515071262,749.1878515071262,637.655,0.0,0.0,0.0,0.0,10050.0
2025-02-02,25,04:00,04:10,0.4401,636.6545833,700.234906733216,737.9466468179472,750.425965083216,750.425965083216,636.6545833,0.0,0.0,0.0,0.0,10050.0
2025-02-02,26,04:10,04:20,0.4389,645.9066667,689.6410518560951,721.697879102011,714.3594460165765,714.3594460165765,645.9066667,0.0,0.0,0.0,0.0,10050.0
2025-02-02,27,04:20,04:30,0.4364,652.965,690.0749835869058,746.6182865427646,726.4723070123613,726.4723070123613,652.965,0.0,0.0,0.0,0.0,10050.0
2025-02-02,28,04:30,04:40,0.4393,656.2554833,701.5970693457517,745.5936462753164,718.7135326712662,718.7135326712662,656.2554833,0.0,0.0,0.0,0.0,10050.0
2025-02-02,29,04:40,04:50,0.4422,665.3870999666667,698.3192591782001,766.6927020351494,729.0429341282,729.0429341282,665.3870999666667,0.0,0.0,0.0,0.0,10050.0
2025-02-02,30,04:50,05:00,0.4395,681.0333333,693.1448891068001,740.3539458915313,684.9823890568001,684.9823890568001,681.0333333,0.0,0.0,0.0,0.0,10050.0
2025-02-02,31,05:00,05:10,0.4333,691.0207667,700.4319492267936,761.6405562434879,716.9500357219904,716.9500357219904,691.0207667,0.0,0.0,0.0,0.0,10050.0
2025-02-02,32,05:10,05:20,0.4439,679.2199667,720.1739770863876,794.1257703957291,766.6017047367294,766.6017047367294,679.2199667,0.0,0.0,0.0,0.0,10050.0
2025-02-02,33,05:20,05:30,0.4301,647.9466667,706.2783497050485,746.9992638178201,757.5050164050485,757.5050164050485,647.9466667,0.0,0.0,0.0,0.0,10050.0
2025-02-02,34,05:30,05:40,0.3713,633.4947,684.0963365521877,716.5943805354495,1533.829736535521,1533.829736535521,1466.8280333333332,0.0,833.3333333333333,0.0,0.0,10800.0
2025-02-02,35,05:40,05:50,0.5708,723.7380666666701,764.8003815271234,818.0221382665019,818.9181065271233,818.9181065271233,723.7380666666701,0.0,0.0,0.0,0.0,10800.0
2025-02-02,36,05:50,06:00,0.9099,855.5333333,899.02835229623,946.3921284430228,197.59910182294425,197.59910182294425,105.39908282671422,0.0,0.0,750.1342504732858,0.0,9966.517499474126
2025-02-02,37,06:00,06:10,0.9368,867.2495167,916.2826957005718,934.3630457005719,176.4669729782397,176.4669729782397,113.25736071100778,0.0,0.0,753.9921559889922,0.0,9128.748437264136
2025-02-02,38,06:10,06:20,0.8758,854.6688167,903.689481415179,939.3060647484789,198.76435573648882,198.76435573648882,114.12710768800991,0.0,0.0,740.5417090119901,0.0,8305.924316139703
2025-02-02,39,06:20,06:30,0.8759,873.5016667,905.3616966489959,946.3109685655323,207.74574002873464,207.74574002873464,134.9364381632023,0.0,0.0,738.5652285367977,0.0,7485.29628443215
2025-02-02,40,06:30,06:40,0.8601,876.0123667,909.1779255244604,948.3613290348285,171.95146816735905,171.95146816735905,133.86020110742322,0.0,0.0,742.1521655925768,0.0,6660.682767107065
2025-02-02,41,06:40,06:50,0.8442,834.7533333,893.5668787157688,925.4265045153236,891.1312635338533,891.1312635338533,834.7533333,0.0,0.0,0.0,0.0,6660.682767107065
2025-02-02,42,06:50,07:00,0.8334,767.92125,869.0131585833566,888.1804529203888,887.1349417044812,887.1349417044812,767.92125,0.0,0.0,0.0,0.0,6660.682767107065
2025-02-02,43,07:00,07:10,0.8092,735.4969833,830.9109494531568,871.0185623561094,826.2120395408872,826.2120395408872,735.4969833,0.0,0.0,0.0,0.0,6660.682767107065
2025-02-02,44,07:10,07:20,0.7972,708.6741334000001,804.5920763225497,852.0005009516781,801.2766179525498,801.2766179525498,708.6741334000001,0.0,0.0,0.0,0.0,6660.682767107065
2025-02-02,45,07:20,07:30,0.7644,656.5766667,760.5231371341339,823.3481493276189,791.400428834134,791.400428834134,656.5766667,0.0,0.0,0.0,0.0,6660.682767107065
2025-02-02,46,07:30,07:40,0.6899,599.04655,676.1883125251763,724.9058216826762,1248.6321818268102,1248.6321818268102,1135.0646526516339,0.0,536.018102651634,0.0,0.0,7143.099059493536
2025-02-02,47,07:40,07:50,0.86,668.6475666,754.0075562595432,797.0218929754743,254.39389211685648,254.39389211685648,151.43767760731328,0.0,0.0,517.2098889926867,0.0,6568.421405057217
2025-02-02,48,07:50,08:00,1.1617,811.149167,920.3666526128442,957.1583283083819,345.06893901960575,345.06893901960575,242.45811940676163,0.0,0.0,568.6910475932384,0.0,5936.542463286953
2025-02-02,49,08:00,08:10,1.1683,822.8313503000002,869.5380962548724,919.8232223553468,346.6595612659728,346.6595612659728,303.8478486111004,0.0,0.0,518.9835016888998,0.0,5359.894128077064
2025-02-02,50,08:10,08:20,1.0956,758.8758667,780.2858637521199,820.2408213037629,303.8595585429156,303.8595585429156,277.19001079079555,0.0,0.0,481.6858559092044,0.0,4824.687621511282
2025-02-02,51,08:20,08:30,1.0849,692.5662500000001,755.2178274828066,798.9462213980217,275.08446325518435,275.08446325518435,201.99080177237795,0.0,0.0,490.57544822762213,0.0,4279.603790147257
2025-02-02,52,08:30,08:40,1.061,640.1275003000001,700.5716669846103,729.1883952049579,279.3863105187132,279.3863105187132,213.79194780557788,0.0,0.0,426.3355524944222,0.0,3805.8976207090104
2025-02-02,53,08:40,08:50,1.043,586.0842997,644.6290038021896,681.014814908691,295.07793495299165,295.07793495299165,217.65084987660282,0.0,0.0,368.43344982339715,0.0,3396.5271209052357
2025-02-02,54,08:50,09:00,1.036,521.202917,602.8736465127254,662.9917060094575,279.87031031241366,279.87031031241366,171.3041637996883,0.0,0.0,349.89875320031166,0.0,3007.750728460445
2025-02-02,55,09:00,09:10,1.0147,454.8388332999999,563.2664785559228,603.5899440821988,242.07211572228545,242.07211572228545,123.19796976636263,0.0,0.0,331.6408635336373,0.0,2639.260880089737
2025-02-02,56,09:10,09:20,0.9922,413.78356699999995,522.5203692073327,562.3984008261772,228.3641573977455,228.3641573977455,113.14950484041282,0.0,0.0,300.63406215958713,0.0,2305.223033245751
2025-02-02,57,09:20,09:30,0.97,374.2825,475.92318355530466,539.1232348181295,232.91454940571822,232.91454940571822,133.66615735041353,0.0,0.0,240.6163426495865,0.0,2037.8715414128774
2025-02-02,58,09:30,09:40,0.9422,288.9727163,435.20171153311765,486.21013078380906,281.2152321662905,281.2152321662905,95.29471365931408,0.0,0.0,193.67800264068592,0.0,1822.673760701004
2025-02-02,59,09:40,09:50,0.9569,231.4053997000001,388.60048124810265,469.17623939977943,321.7083172045955,321.7083172045955,84.71152242599715,0.0,0.0,146.69387727400294,0.0,1659.6805637298896
2025-02-02,60,09:50,10:00,0.9977,222.36291700000004,349.924324234143,449.4134628095666,311.10407770209775,311.10407770209775,111.42593960126698,0.0,0.0,110.93697739873306,0.0,1536.4172555090752
2025-02-02,61,10:00,10:10,0.9919,210.75953299999992,317.651267471393,361.799041502881,250.67451316071796,250.67451316071796,99.66190408932502,0.0,0.0,111.0976289106749,0.0,1412.9754456083253
2025-02-02,62,10:10,10:20,0.9588,192.0332833000001,290.06436448800997,343.82081580353884,316.19757550105,316.19757550105,171.4524031130399,0.0,0.0,20.5808801869602,0.0,1390.1078009561475
2025-02-02,63,10:20,10:30,0.9549,165.07500000000005,268.24812063114325,393.2206412790997,365.00187063114345,365.00187063114345,165.07500000000005,0.0,0.0,0.0,0.0,1390.1078009561475
2025-02-02,64,10:30,10:40,0.9839,126.60865000000013,243.23540314706955,286.967111771117,274.80640371674315,274.80640371674315,114.55180911967372,0.0,0.0,12.056840880326405,0.0,1376.7113110891182
2025-02-02,65,10:40,10:50,0.799,99.80025,222.30044103641964,245.13584616204406,249.37644103641966,249.37644103641966,99.80025,0.0,0.0,0.0,0.0,1376.7113110891182
2025-02-02,66,10:50,11:00,0.5025,85.46375000000012,208.8889672101109,237.32818128712458,1083.1809122196635,1083.1809122196635,918.7970833333334,0.0,833.3333333333333,0.0,0.0,2126.711311089118
2025-02-02,67,11:00,11:10,0.4662,60.520917000000054,180.16308259741155,261.85204289167336,992.4176442680712,992.4176442680712,893.8542503333333,0.0,833.3333333333333,0.0,0.0,2876.711311089118
2025-02-02,68,11:10,11:20,0.5007,24.04471599999988,185.26538625180962,259.67671960491236,998.9265044925539,998.9265044925539,857.3780493333331,0.0,833.3333333333333,0.0,0.0,3626.711311089118
2025-02-02,69,11:20,11:30,0.4827,14.404166999999916,193.31289254031034,313.9950127605238,1075.4600085793088,1075.4600085793088,847.7375003333332,0.0,833.3333333333333,0.0,0.0,4376.711311089119
2025-02-02,70,11:30,11:40,0.4785,55.04568399999994,143.78306840956577,304.59347976851393,1030.8154978832513,1030.8154978832513,888.3790173333332,0.0,833.3333333333333,0.0,0.0,5126.711311089119
2025-02-02,71,11:40,11:50,0.4662,-12.617333000000144,102.0022600511709,245.94416596499892,975.1988930845043,975.1988930845043,820.7160003333331,0.0,833.3333333333333,0.0,0.0,5876.711311089119
2025-02-02,72,11:50,12:00,0.4432,-133.4029169999999,75.53256642623562,175.66714508407577,947.1280229772193,947.1280229772193,699.9304163333334,0.0,833.3333333333333,0.0,0.0,6626.711311089119
2025-02-02,73,12:00,12:10,0.4411,-86.63673299999982,81.37035075168924,285.9569254410633,996.3233240839447,996.3233240839447,746.6966003333334,0.0,833.3333333333333,0.0,0.0,7376.711311089119
2025-02-02,74,12:10,12:20,0.4551,-21.89433299999996,81.20588128497495,246.20889420695906,1026.0890146183083,1026.0890146183083,811.4390003333333,0.0,833.3333333333333,0.0,0.0,8126.711311089119
2025-02-02,75,12:20,12:30,0.4463,-39.538749999999936,79.53697406648442,224.11309773438222,1032.3115573998175,1032.3115573998175,793.7945833333333,0.0,833.3333333333333,0.0,0.0,8876.711311089119
2025-02-02,76,12:30,12:40,0.4113,-83.92841699999997,84.96720404078036,203.96747308750005,1001.8690575946189,1001.8690575946189,749.4049163333333,0.0,833.3333333333333,0.0,0.0,9626.711311089119
2025-02-02,77,12:40,12:50,0.5682,-59.17406600000004,126.10027294480697,288.1690641961412,1031.8082747969593,1031.8082747969593,774.1592673333332,0.0,833.3333333333333,0.0,0.0,10376.711311089119
2025-02-02,78,12:50,13:00,0.8279,19.46250000000009,172.88097225986547,309.19406185925845,246.41180581630536,246.41180581630536,19.46250000000009,0.0,0.0,0.0,0.0,10376.711311089119
2025-02-02,79,13:00,13:10,0.8636,45.46983299999988,172.55304592848805,290.44129992251277,214.42145212299613,214.42145212299613,45.46983299999988,0.0,0.0,0.0,0.0,10376.711311089119
2025-02-02,80,13:10,13:20,0.8416,26.771182999999837,168.60799582320288,280.8193018469577,180.49724574038606,180.49724574038606,26.771182999999837,0.0,0.0,0.0,0.0,10376.711311089119
2025-02-02,81,13:20,13:30,0.8618,22.575833000000102,189.0740083825371,297.594577180899,208.67951973467834,208.67951973467834,22.575833000000102,0.0,0.0,0.0,0.0,10376.711311089119
2025-02-02,82,13:30,13:40,0.8623,78.462084,222.15747089789113,388.2357362103086,267.2796310411143,267.2796310411143,78.462084,0.0,0.0,0.0,0.0,10376.711311089119
2025-02-02,83,13:40,13:50,0.9026,105.30014999999992,275.4127801668032,424.40959275604575,268.7693087159525,268.7693087159525,78.31646358614728,0.0,0.0,26.983686413852638,0.0,10346.72943729595
2025-02-02,84,13:50,14:00,0.9754,99.8616669999999,304.1449093034595,450.37841342498734,151.39408031373156,151.39408031373156,0.0,0.0,0.0,99.8616669999999,0.0,10235.772029518172
2025-02-02,85,14:00,14:10,1.0002,146.23006629999998,317.3873343945322,398.2078943902528,171.81477431560953,171.81477431560953,24.14777006784064,0.0,0.0,122.08229623215934,0.0,10100.12503370466
2025-02-02,86,14:10,14:20,0.9978,200.45355030000007,334.4669505905808,383.63807392278824,242.64093219018875,242.64093219018875,89.69694778910903,0.0,0.0,110.75660251089104,0.0,9977.062142025892
2025-02-02,87,14:20,14:30,1.0271,230.097083,364.2660958387088,400.7931172590809,259.6329107067139,259.6329107067139,94.45684306723163,0.0,0.0,135.64023993276837,0.0,9826.350764322817
2025-02-02,88,14:30,14:40,1.0906,252.98985030000006,424.0755303228219,478.3734029105161,215.43045350465763,215.43045350465763,49.88527007062984,0.0,0.0,203.1045802293702,0.0,9600.679008512405
2025-02-02,89,14:40,14:50,0.9376,306.1174503000001,471.46911384630033,570.3092620742246,283.736198123097,283.736198123097,51.422233876796895,0.0,0.0,254.6952164232032,0.0,9317.684323597734
2025-02-02,90,14:50,15:00,0.6694,373.16125,486.33299658419594,552.8287186534909,1377.5796634175292,1377.5796634175292,1206.4945833333331,0.0,833.3333333333333,0.0,0.0,10067.684323597734
2025-02-02,91,15:00,15:10,0.66,405.231367,518.8265984174307,544.270450012446,1357.6455146007638,1357.6455146007638,1218.9154518914065,0.0,813.6840848914067,0.0,0.0,10800.0
2025-02-02,92,15:10,15:20,0.7217,450.77761699999996,544.2735463006273,577.4283763020002,529.5608796506273,529.5608796506273,450.77761699999996,0.0,0.0,0.0,0.0,10800.0
2025-02-02,93,15:20,15:30,0.7308,520.036667,600.0607221404034,640.5737113510336,617.8209450536912,617.8209450536912,520.036667,0.0,0.0,0.0,0.0,10800.0
2025-02-02,94,15:30,15:40,0.7534,575.3468167000001,667.9793361342284,701.4505802823779,688.4720025662308,688.4720025662308,575.3468167000001,0.0,0.0,0.0,0.0,10800.0
2025-02-02,95,15:40,15:50,0.7823,638.18165,716.7558576824077,724.4392032991852,716.6108164824078,716.6108164824078,638.18165,0.0,0.0,0.0,0.0,10800.0
2025-02-02,96,15:50,16:00,0.8055,700.0891670000001,749.8495542748458,792.1755128498459,789.3153877748459,789.3153877748459,700.0891670000001,0.0,0.0,0.0,0.0,10800.0
2025-02-02,97,16:00,16:10,0.8271,728.8617667000001,790.0070704358682,805.8866027360766,777.3348856929888,777.3348856929888,728.8617667000001,0.0,0.0,0.0,0.0,10800.0
2025-02-02,98,16:10,16:20,0.8519,775.6200997,838.5657751505984,843.8613995112786,848.0729744505983,848.0729744505983,775.6200997,0.0,0.0,0.0,0.0,10800.0
2025-02-02,99,16:20,16:30,0.8791,838.57125,891.9657223624582,903.1619617186989,877.7832149755632,877.7832149755632,838.57125,0.0,0.0,0.0,0.0,10800.0
2025-02-02,100,16:30,16:40,0.9024,864.95765,937.291747471909,945.044074876888,942.1899648019091,942.1899648019091,864.95765,0.0,0.0,0.0,0.0,10800.0
2025-02-02,101,16:40,16:50,0.9163,893.2150333000001,974.6819994221036,987.1821258043813,957.6078966864801,957.6078966864801,893.2150333000001,0.0,0.0,0.0,0.0,10800.0
2025-02-02,102,16:50,17:00,0.9264,941.567083,1012.2903926013682,1027.862029379479,1021.3057780101324,1021.3057780101324,941.567083,0.0,0.0,0.0,0.0,10800.0
2025-02-02,103,17:00,17:10,0.9462,985.63626667,1031.1773192115415,1072.2910204865416,1072.2220357115416,1072.2220357115416,985.63626667,0.0,0.0,0.0,0.0,10800.0
2025-02-02,104,17:10,17:20,0.9742,1005.3769,1034.408976798657,1076.1776062986646,1097.730777132007,1097.730777132007,1005.3769,0.0,0.0,0.0,0.0,10800.0
2025-02-02,105,17:20,17:30,0.9862,1026.918333,1051.080061622421,1074.9103926594175,1071.0073197110628,1071.0073197110628,1026.918333,0.0,0.0,0.0,0.0,10800.0
2025-02-02,106,17:30,17:40,0.976,1050.2641833333,1074.0616169110726,1117.9482673204,1085.7231274971618,1085.7231274971618,1050.2641833333,0.0,0.0,0.0,0.0,10800.0
2025-02-02,107,17:40,17:50,1.0742,902.1030667,945.4791310219347,978.630013900021,960.9889622516754,960.9889622516754,902.1030667,0.0,0.0,0.0,0.0,10800.0
2025-02-02,108,17:50,18:00,1.2313,680.3766667,738.1146006711998,777.2630456164242,770.4501998133679,770.4501998133679,680.3766667,0.0,0.0,0.0,0.0,10800.0
2025-02-02,109,18:00,18:10,1.2561,682.57004996667,717.6928056688877,744.8371928679221,133.08169136277706,133.08169136277706,94.87964582819404,0.0,0.0,587.690404138476,0.0,10147.01066206836
2025-02-02,110,18:10,18:20,1.2447,745.4169167,744.8780063439209,774.7953303411489,756.9471334344878,756.9471334344878,745.4169167,0.0,0.0,0.0,0.0,10147.01066206836
2025-02-02,111,18:20,18:30,1.2545,755.2766667,728.3914286515205,743.5608743840033,164.9423383880378,164.9423383880378,164.9423383880378,12.581571653346714,0.0,577.7527566586155,0.0,9505.063154669899
2025-02-02,112,18:30,18:40,1.2522,754.602450033333,731.7133401549844,766.6932114368701,460.31429328635085,460.31429328635085,454.44719379757413,0.0,0.0,300.1552562357588,0.0,9171.557314407944
2025-02-02,113,18:40,18:50,1.2881,737.466,738.5830206082078,779.4313889428796,161.02772620756753,161.02772620756753,127.0163723326931,0.0,0.0,610.4496276673069,0.0,8493.279950333159
2025-02-02,114,18:50,19:00,1.3466,720.6283333,736.3024673162508,786.6928934527085,112.23126129503999,112.23126129503999,90.08101219347407,0.0,0.0,630.5473211065259,0.0,7792.671815770353
2025-02-02,115,19:00,19:10,1.3523,734.1428000333333,725.1185465035595,758.1707472299355,143.35535735311566,143.35535735311566,138.8932673566901,0.0,0.0,595.2495326766432,0.0,7131.283446129638
2025-02-02,116,19:10,19:20,1.3445,718.8030333,718.4608553485486,760.1605849906109,134.7229548048749,134.7229548048749,123.17591720373662,0.0,0.0,595.6271160962634,0.0,6469.475539356012
2025-02-02,117,19:20,19:30,1.3483,688.355,729.4360966761267,763.1075946528404,157.4351530549029,157.4351530549029,82.68255840206257,0.0,0.0,605.6724415979374,0.0,5796.506159802748
2025-02-02,118,19:30,19:40,1.349,714.8059333,744.0771685114073,769.8794025307291,143.06054759379913,143.06054759379913,94.82063792365386,0.0,0.0,619.9852953763461,0.0,5107.633609384586
2025-02-02,119,19:40,19:50,1.3473,724.8145167,743.2480010943402,776.7565730334398,176.5786092736181,176.5786092736181,139.2274748792779,0.0,0.0,585.5870418207221,0.0,4456.981340694894
2025-02-02,120,19:50,20:00,1.3482,705.315,713.3995410930834,747.4976558551527,192.13271299278028,192.13271299278028,140.32317189969694,0.0,0.0,564.9918281003031,0.0,3829.2126428056686
2025-02-02,121,20:00,20:10,1.3513,714.35385,714.4924329669976,750.7592767508236,168.45323604473174,168.45323604473174,128.46172731697936,0.0,0.0,585.8921226830206,0.0,3178.22139538009
2025-02-02,122,20:10,20:20,1.34,707.17605,732.2029049737837,774.0327266857398,153.5555286705254,153.5555286705254,106.61410809742188,0.0,0.0,600.5619419025782,0.0,2510.93034882167
2025-02-02,123,20:20,20:30,1.3489,689.72,731.7890789338225,783.7514079469695,156.60145429168915,156.60145429168915,104.08132847858371,0.0,0.0,585.6386715214163,0.0,1860.2207137978744
2025-02-02,124,20:30,20:40,1.3952,715.1150167,734.7646113017058,770.3115593714898,160.72770218361904,160.72770218361904,120.91637428191314,0.0,0.0,594.1986424180868,0.0,1200.0
2025-02-02,125,20:40,20:50,1.2226,719.23435,734.5367382959623,767.3570456438722,763.9979216459624,763.9979216459624,719.23435,0.0,0.0,0.0,0.0,1200.0
2025-02-02,126,20:50,21:00,0.9332,695.33,738.1079749999126,766.8776926124971,747.0596415999127,747.0596415999127,695.33,0.0,0.0,0.0,0.0,1200.0
2025-02-02,127,21:00,21:10,0.9068,701.5716667,734.2686130849229,768.1797747144396,746.965596384923,746.965596384923,701.5716667,0.0,0.0,0.0,0.0,1200.0
2025-02-02,128,21:10,21:20,0.9371,707.7024667,729.1412057331929,769.3078014769699,738.3008677011209,738.3008677011209,707.7024667,0.0,0.0,0.0,0.0,1200.0
2025-02-02,129,21:20,21:30,0.9371,707.6866667,732.7840034412138,764.7185412947895,750.6860814029561,750.6860814029561,707.6866667,0.0,0.0,0.0,0.0,1200.0
2025-02-02,130,21:30,21:40,0.9871,718.29075,758.6767151500928,801.5250782407365,774.9315320122084,774.9315320122084,718.29075,0.0,0.0,0.0,0.0,1200.0
2025-02-02,131,21:40,21:50,0.7764,663.7065,689.3999417105745,735.4967221753442,728.7948764326114,728.7948764326114,663.7065,0.0,0.0,0.0,0.0,1200.0
2025-02-02,132,21:50,22:00,0.4209,566.7516667,562.9477105736635,617.2392615445874,1426.7624601185985,1426.7624601185985,1400.0850000333332,0.0,833.3333333333333,0.0,0.0,1950.0
2025-02-02,133,22:00,22:10,0.3859,536.4216667,545.700016013247,589.7385358791973,1400.2108756162543,1400.2108756162543,1369.755000033333,0.0,833.3333333333333,0.0,0.0,2700.0
2025-02-02,134,22:10,22:20,0.4368,538.9398167,563.5684205511735,623.5972812375469,578.467753903101,578.467753903101,538.9398167,0.0,0.0,0.0,0.0,2700.0
2025-02-02,135,22:20,22:30,0.4198,541.5966667,558.248454461733,619.1652203337006,1401.666035303184,1401.666035303184,1374.9300000333333,0.0,833.3333333333333,0.0,0.0,3450.0
2025-02-02,136,22:30,22:40,0.4186,546.5506667,580.0411290033583,603.417742588088,1426.8649791913977,1426.8649791913977,1379.8840000333332,0.0,833.3333333333333,0.0,0.0,4200.0
2025-02-02,137,22:40,22:50,0.4241,543.9407,578.9010989267849,638.4220091614014,590.4557173232755,590.4557173232755,543.9407,0.0,0.0,0.0,0.0,4200.0
2025-02-02,138,22:50,23:00,0.4237,541.5416667,572.1449228773497,635.453889420342,1442.3899228606829,1442.3899228606829,1374.8750000333332,0.0,833.3333333333333,0.0,0.0,4950.0
2025-02-02,139,23:00,23:10,0.4248,556.7465333,591.864364659529,630.0627461712076,622.1546522745815,622.1546522745815,556.7465333,0.0,0.0,0.0,0.0,4950.0
2025-02-02,140,23:10,23:20,0.424,562.4285333,594.5106077235259,616.246907723526,949.5802410568593,949.5802410568593,895.7618666333333,0.0,333.3333333333333,0.0,0.0,5250.0
2025-02-02,141,23:20,23:30,0.422,548.4583333,581.2559104770169,630.2792437770169,1421.8075772103502,1421.8075772103502,1381.7916666333333,0.0,833.3333333333333,0.0,0.0,6000.0
2025-02-02,142,23:30,23:40,0.424,537.1479167,597.3932768907737,636.5717563215181,636.5717563215181,636.5717563215181,537.1479167,0.0,0.0,0.0,0.0,6000.0
2025-02-02,143,23:40,23:50,0.4271,563.82545,601.7235797304135,631.6629481173983,615.5219380804135,615.5219380804135,563.82545,0.0,0.0,0.0,0.0,6000.0
2025-02-02,144,23:50,24:00,0.4276,591.3766667,601.0893468515773,635.4921041520014,604.0460135015772,604.0460135015772,591.3766667,0.0,0.0,0.0,0.0,6000.0
