编号,拆分任务,直接目标,隐含铺垫目标（推断）,输出要求,要求性质
1.1,建立单日联合调度模型,定义10分钟购电、充电、放电和储电量变量；在供需、功率、容量、效率和日首尾边界约束下最小化购电成本,给问题2—4提供共用的物理与费用模块，使后续扩展只修改必要部分,【公式】目标函数、储能状态递推、供需约束、功率及电量边界、初始条件与日首尾相等条件；变量单位与计量侧定义,明示：数学模型；支撑：统一量纲和变量口径
1.2,求得给定数据下的具体策略,联合求解当天各段购电量与储能充放电，得到可执行、费用尽可能低的方案,验证储能削峰填谷的作用及基础求解流程，为后续模拟提供经过检查的模块,【方案】144段购电、充放电和储电量轨迹；【数值】日购电量、日购电费及可行性检查；【最优性证据】求解状态，适用时报告最优界或间隙,明示：具体策略；支撑：可行性与最优性证据
1.3,展示并保存问题1结果,按表1列指定区间购电及全日汇总，按表2列充放电与边界电量，保存完整策略,建立后续各问共用的报表、单位检查和明细聚合接口,【数值表】表1、表2；【文件】result1.xlsx的计划购电量、充放电量；【图建议】供需与调度时序图、储电量边界图,明示：表格及Excel；建议：额外图形
2.1,构造0:00可用的负载与光伏输入,仅利用当时可获得的历史信息，给当天计划提供未来净负载的估计、区间或情景,把“已有全年实际数据”转化为符合决策时序的数据使用机制，刻画计划不足与过量的来源,【方法/公式】历史窗口、估计方法或情景生成规则；【数值支撑】按时间验证的误差或情景表现；必要时给预测—实际对比图,支撑：题面未指定预测模型，也未强制单独交预测文件
2.2,制定含紧急补救代价的日前计划,每天0:00确定当天计划购电与储能调度，权衡多买的计划费用与少买的高价补购风险,在问题1基础上建立含不确定量与补救成本的决策机制，为问题3判断调整是否有价值提供参照,【公式】计划费、5倍电价紧急费及保供约束；【方案】每天144段初始计划；采用期望或风险目标时说明其定义,明示：每天的计划策略；支撑：不确定量与风险口径
2.3,按实际记录执行并核算紧急购电,按既定执行规则逐时段推进电量状态，出现实际缺口时补购，记录时间段与电量，核算账单,建立能复用于问题3、4的时间顺序模拟器，区分计划值、实际执行值和预测误差,【数值】实际紧急电量、紧急费用、普通计划费、总费、储电量轨迹；【公式】紧急补足及成本核算规则；【检查】无未补足负载、状态不越界,明示：紧急购电结果；支撑：执行规则与检查
2.4,汇总指定日期和完整期间结果,对2025-02-01至12-31的334日给出完整结果，抽取四个指定日按表1—3展示,为问题3、4提供可比较的输出指标、日期范围和明细接口,【数值表】四日的表1、表2和紧急购电表3；【文件】result2.xlsx；【图建议】典型日预测误差—紧急购电图、月度成本构成图,明示：日期、表格与Excel；建议：图形及月度解释
3.1,对齐预报发布时间与目标时刻,将每日4个版本、每版未来24个整点光伏预报，转换为相应决策时刻可用的10分钟输入,防止提前用新预报或用实际值插补预测；为多次滚动决策提供可靠输入,【规则/公式】发布时间、目标时刻、插值或聚合及端点处理；【支撑表】预报与实际匹配；可选按提前量分层的误差图,支撑：正确使用题面已给定预报；不限定插值算法
3.2,根据0:00预报形成原始计划,建立包含未来允许调整和紧急补救的成本结构，在0:00形成当天购电与储能计划，并保留原始版本,形成调整的比较基准和合同计费依据，支持问题3内部的公平对照,【公式】日前目标与信息约束；【方案】每日原始计划；【数值】原计划对应费用，不能用最终值覆盖,明示：0:00计划；支撑：版本保留
3.3,根据日内预报制定调整策略,在6:00、12:00、18:00获得新预报后，基于当前电量和已执行动作调整允许修改的未来时段，计入50%调减规则、1.5倍调增规则及紧急费,形成可循环运行的反馈调度机制，分析“提前调整”与“等到紧急补购”的代价差异,【公式】调整变量、费用、已执行部分固定及状态衔接；【方案】各次内部调整记录和最终有效调度；【数值】调整费、紧急费和总费,明示：调整模型与策略；支撑：结算和执行口径
3.4,回答额外预报是否值得引入,判断是否使用以及如何使用非0:00预报，给出由成本与保供证据支持的结论,将预测质量与实际经济价值联系起来，识别不同更新时刻的作用，为问题4提供价值比较方法,【结论】是否有必要、何种条件下有价值；【数值支撑】与相同0:00信息下不做日内更新的策略比较实际总费、紧急费、调整费；【图建议】更新时刻价值图或成本构成图,明示：必要性分析；支撑：对照证据；建议：消融形式和图形
3.5,输出原始计划、调整与最终执行结果,对334日完整记录初始计划、调整结果、最终充放电及紧急购电，并抽取四日按题表展示,让计划承诺、调整动作、执行状态与最终账单相互可追溯,【数值表】四日的表1—3；【文件】result3.xlsx的4张工作表；【图建议】某典型日的计划—调整—执行对比及电量状态图,明示：表格与Excel；建议：图形
4.1,定义波动电价下的模型与信息边界,将固定日电价改为随日期、时刻变化的电价，定义计划、调整与紧急费用所用价格；说明未来价格是否可知,把价格变化从简单的费用替换扩展为影响购电时机、储能价值和风险的决策因素,【公式】动态电价成本结构、结算索引；价格未知时给预测或情景方法，价格已知时注明额外假设,明示：波动电价模型；支撑：价格信息和结算口径
4.2,在波动电价下重算问题2,按问题2的日前计划与紧急补救机制，重新求解每一天的购电和储能策略，核算实际费用,检验不含日内普通购电调整的策略在变化价格下的行为，提供4.3的场景参照,【方案】新的日前计划与执行轨迹；【数值】购电、充放电、紧急量及分项/总费；【文件】result4-2.xlsx,明示：问题2在新价格下的全部结果
4.3,在波动电价下重算问题3,按问题3的逐次预报和允许调整机制，重新优化初始计划与日内调整，形成最终执行结果,检验更新信息在变化价格下能否转化为费用改善及紧急购电减少,【方案】新的初始与调整策略；【数值】普通、调整、紧急费用和总费；【文件】result4-3.xlsx；可选再次评价更新价值,明示：问题3在新价格下的全部结果；建议：扩展价值比较
4.4,分场景展示并解释结果,给出4.2、4.3对应的论文计算结果与完整文件，解释相对固定电价版本发生的决策变化,组织“电价机制×调度机制”的比较，避免把价格水平变化、信息变化和策略改进混为一谈,【数值表】沿用问题2、3结果口径；【结论支撑】同场景策略比较与价格变化解释；【图建议】四场景成本构成图、充放电时刻热力图,明示：相应计算结果及文件；支撑/建议：比较设计与图形
