date,plan_energy_kwh,used_plan_energy_kwh,emergency_energy_kwh,charge_energy_kwh,discharge_energy_kwh,curtail_energy_kwh,storage_start_kwh,storage_end_kwh,plan_cost_yuan,adjustment_cost_yuan,emergency_cost_yuan,total_cost_yuan,forecast_mae_kwh,max_balance_residual_kwh,gate_count,control_projection_kwh
2025-02-01,58224.11369824841,43466.27131768089,0.0,17168.46999989918,13906.460699918334,5826.086085100074,6000.0,6000.000000000001,28954.325924587214,0.0,0.0,28954.325924587214,85.28908033583913,1.1368683772161603e-13,0,2.084554751036194e-12
2025-02-02,96283.86808890045,82247.08533639798,95.8072839460084,20982.182457757965,16995.56779078395,0.0,6000.000000000001,6000.0,69922.42801247127,0.0,616.1395064447029,70538.56751891597,44.911675119040304,1.1368683772161603e-13,0,3.410605131648481e-13
2025-02-03,99128.65509009956,84333.26409735816,114.97735537987239,22270.13134091955,18038.80638614483,0.0,6000.0,6000.000000000002,72882.45405663253,0.0,434.39299569904017,73316.84705233158,49.54116526899387,1.1368683772161603e-13,0,0.0
2025-02-04,101292.09722584425,85451.3713584356,42.78920978118947,22627.876936404115,18328.580318487337,0.0,6000.000000000002,6000.0,75424.55717449634,0.0,105.79297984746482,75530.3501543438,55.713632934026855,1.1368683772161603e-13,0,0.0
2025-02-05,96201.89864974888,84869.32149083557,161.2476504909556,22526.78767836958,18246.698019479365,2.052500000000009,6000.0,6000.0,70791.689747676,0.0,746.0252411968966,71537.7149888729,32.243528315608174,1.1368683772161603e-13,0,6.0822458181064576e-12
2025-02-06,102035.8666100433,84702.65733899525,62.010676584037924,23650.58316373145,19156.972362622473,0.0,6000.0,6000.000000000001,75391.41761678144,0.0,205.4582553986828,75596.87587218013,65.66397752015895,1.1368683772161603e-13,0,79.71460041893658
2025-02-07,60720.99994938434,43261.5285628336,0.0,19056.239082825392,15435.553657088572,7835.163470056441,6000.000000000001,6000.000000000002,30116.90168251424,0.0,0.0,30116.90168251424,118.08162710877923,1.1368683772161603e-13,0,10.014386169004887
2025-02-08,52848.69386021096,40409.90430888453,0.0,18836.45729442654,15257.530408485502,5253.814706006791,6000.000000000002,6000.000000000001,25399.007431434096,0.0,0.0,25399.007431434096,67.29148954476607,5.684341886080802e-14,0,1.0231815394945443e-12
2025-02-09,96993.4461951736,83576.69266970616,2.3316694982951276,21176.886166356802,17153.27779474901,0.0,6000.000000000001,6000.000000000002,71196.4747874428,0.0,14.468009236921269,71210.94279667972,40.975985063407585,1.1368683772161603e-13,0,0.0
2025-02-10,92844.66506575202,78522.36906321709,139.52899810055612,22147.001205023073,17939.070976068688,127.33024999999975,6000.000000000002,6000.0,65333.303778779795,0.0,676.3918201929018,66009.6955989727,45.434069388732674,1.1368683772161603e-13,0,3.410605131648481e-13
2025-02-11,93573.92102495709,79394.16154356656,64.283437135812,21451.529203907274,17375.73865516489,162.05729900000017,6000.0,6000.0,67131.65665496487,0.0,290.78085940715494,67422.43751437202,49.37051601448232,1.1368683772161603e-13,0,3.410605131648481e-13
2025-02-12,93814.96969344706,79266.18543774301,144.510129626991,21499.999999999996,17415.0,58.959433999999874,6000.0,6000.0,66972.59201756398,0.0,620.7487597084487,67593.34077727243,46.554766198233935,1.1368683772161603e-13,0,0.0
2025-02-13,88959.75049040522,75546.82058145772,71.95570078153457,21290.02069389102,17244.916762051726,244.19333400000005,6000.0,6000.0,61416.15865680554,0.0,352.36758505607384,61768.52624186162,41.785943052090296,1.1368683772161603e-13,0,0.0
2025-02-14,55794.85820640861,41010.632537010635,0.0,17052.889126934977,13812.840192817332,7968.7817862230195,6000.0,6000.000000000002,27052.206281226092,0.0,0.0,27052.206281226092,100.21498451065112,1.1368683772161603e-13,0,13.865266048143091
2025-02-15,55703.186985322114,41909.617770293655,0.0,17086.169414342494,13839.797225617418,9383.154482771944,6000.000000000002,6000.000000000001,26639.08648162663,0.0,0.0,26639.08648162663,113.25882761512239,1.1368683772161603e-13,0,0.0
2025-02-16,92884.49113235912,79273.11476746737,219.80349956922464,21499.999999999996,17414.999999999996,30.539167000000134,6000.000000000001,6000.000000000005,66236.92035278938,0.0,1032.1886763668479,67269.10902915623,50.521260517793685,1.1368683772161603e-13,0,0.0
2025-02-17,92763.29169874845,75390.45818120675,357.8369958487203,21489.566101344506,17406.548542089047,481.4144500000002,6000.000000000005,6000.0,64733.80921763806,0.0,1679.475285995015,66413.28450363307,80.18680830580755,1.1368683772161603e-13,0,7.958078640513122e-13
2025-02-18,83250.2471910665,75861.91277453303,531.9464410666234,22000.0,17820.0,122.47143400000004,6000.0,6000.000000000003,56900.043571310045,0.0,2135.2520751807533,59035.2956464908,40.239292295353295,1.1368683772161603e-13,0,0.0
2025-02-19,85258.4870658741,76929.94192928442,336.39168964191003,22209.27905424386,17989.51603393753,167.24321600000007,6000.000000000003,6000.0,58781.89530935994,0.0,1436.7317339531137,60218.627043313056,24.788521530636675,1.1368683772161603e-13,0,0.0
2025-02-20,88624.68257002578,75356.16607638722,165.82072012005358,21773.88725074021,17636.848673099572,391.8144840000002,6000.0,6000.000000000001,61415.64196897925,0.0,732.5775784719988,62148.21954745125,47.508405327391316,1.1368683772161603e-13,0,0.0
2025-02-21,51684.33961758738,37382.49278530249,0.0,18810.544815858448,15236.54130084535,8248.227238012694,6000.000000000001,6000.0,24523.612828462523,0.0,0.0,24523.612828462523,103.09862140016769,1.1368683772161603e-13,0,80.1915220538168
2025-02-22,51864.92886332124,38614.334056531625,23.365295731820993,17492.242179094577,14168.716165066613,7469.410453538754,6000.0,6000.0,24675.287630280014,0.0,46.94087912522838,24722.228509405242,97.53588691835388,1.1368683772161603e-13,0,44.26560691227906
2025-02-23,86203.16182071516,75684.0567231981,330.7757053815936,21162.238495366662,17141.413181247,462.1534330000004,6000.0,6000.0,59657.4507557694,0.0,1510.8463343320973,61168.2970901015,39.484101868025746,1.1368683772161603e-13,0,0.0
2025-02-24,82801.14570225941,72729.28692590099,289.58156392322064,20777.129657542602,16829.47502260951,868.1802389904504,6000.0,6000.000000000001,57156.92177127216,0.0,1348.885737529507,58505.80750880166,51.899214366116496,1.1368683772161603e-13,0,6.821210263296962e-13
2025-02-25,84016.87467389798,71148.54158480091,169.85707393052655,21427.077064377503,17355.932422145783,1425.9307839999994,6000.000000000001,6000.0,56018.80009692896,0.0,842.4556865139857,56861.255783442946,68.77562707353734,1.1368683772161603e-13,0,0.0
2025-02-26,77968.44944314135,72307.30109633229,774.1582074299413,20016.352661710174,16213.245655985244,463.5042659999998,6000.0,6000.000000000002,52590.91941195997,0.0,3253.4016512085213,55844.32106316849,29.117314391413483,1.1368683772161603e-13,0,2.3305801732931286e-12
2025-02-27,79517.65610388346,71578.40795039621,198.44729022887873,20408.947257732078,16531.247278762985,942.5710626190227,6000.000000000002,6000.000000000002,52848.81092631104,0.0,1105.2794646911216,53954.09039100216,31.336983506112446,1.1368683772161603e-13,0,0.0
2025-02-28,44423.803799606765,33877.19684782335,15.391482087455643,18476.12914673111,14965.664608852203,7089.530243792156,6000.000000000002,6000.000000000001,20721.165002580565,0.0,29.820996544445308,20750.98599912501,81.21932207313074,1.1368683772161603e-13,0,9.347522755831505e-13
2025-03-01,54506.80798753833,37410.75805388131,0.0,18024.975419481605,14600.230089780103,10327.246790843134,6000.000000000001,6000.0,25341.7369342992,0.0,0.0,25341.7369342992,148.57119038085546,1.1368683772161603e-13,0,395.7697126833024
2025-03-02,87742.80610699122,76113.44890014268,219.96562330186714,20921.618206917126,16946.51074760287,0.0,6000.0,6000.000000000002,60771.38439476059,0.0,973.1609785184728,61744.54537327906,44.35185516720359,1.1368683772161603e-13,0,0.0
2025-03-03,89486.69486125131,75927.79276937238,331.62049271380727,20714.61147834803,16778.835297461912,306.49044999999967,6000.000000000002,6000.0,61734.4759256761,0.0,1721.9028893843563,63456.37881506046,72.03968099258584,1.1368683772161603e-13,0,4.206412995699793e-12
2025-03-04,80574.11176507542,73329.26003188698,423.8558437414647,20636.079354117315,16715.224276835026,632.8028635864879,6000.0,6000.000000000002,54424.38662886164,0.0,1357.4231056964854,55781.80973455813,37.04671645213401,1.1368683772161603e-13,0,2.0179413695586845e-12
2025-03-05,83910.59463786699,70368.15983353578,78.4481723159721,19862.72172681741,16088.804598722105,542.2188600197944,6000.000000000002,6000.0,56242.749609412334,0.0,299.1572077170509,56541.906817129384,61.415264224714605,1.1368683772161603e-13,0,0.0
2025-03-06,80945.97385457561,70321.62836832096,180.11829369153924,19340.59810428922,15665.884464474264,886.3788898609362,6000.0,6000.0,54328.74151826641,0.0,810.0218608752448,55138.76337914166,33.17297852727175,1.1368683772161603e-13,0,6.477933748239806
2025-03-07,51428.784652847055,33152.14324552405,0.0,17649.04123676896,14294.898703194634,8875.715178613054,6000.0,6000.916331764691,23590.841183283086,0.0,0.0,23590.841183283086,140.1495013269412,5.684341886080802e-14,0,164.49584361776735
2025-03-08,45704.34884839568,33344.98869925008,0.0,20224.167654680772,16364.615033201851,10422.29656243113,6000.916331764691,6019.761628530885,20171.274987151803,0.0,0.0,20171.274987151803,110.2160788886437,1.1368683772161603e-13,0,105.96868673014444
2025-03-09,83401.64009456776,68187.06338996204,231.96618610183555,19998.136854466677,16216.276317795804,1303.643989229718,6019.761628530885,6000.0,54961.79457702429,0.0,1257.1064227818915,56218.90099980618,70.27687603709485,1.1368683772161603e-13,0,0.0
2025-03-10,80541.55086376627,71928.89705240607,375.7552344494889,19618.59370308526,15891.060899499058,535.0480333,6000.0,6000.000000000002,54263.585695532965,0.0,1617.076359584263,55880.66205511723,33.28086484139236,1.1368683772161603e-13,0,0.0
2025-03-11,71618.11750474911,66689.46086811807,1619.204604376865,19482.068492681796,15780.475479072253,668.1536586453828,6000.000000000002,6000.000000000002,46740.84761820399,0.0,6270.401594254434,53011.249212458424,48.485145093438305,1.1368683772161603e-13,0,9.983125437429408e-13
2025-03-12,79775.60224366368,68013.06135233789,424.6998267361329,19814.970945193916,16050.126465607076,2237.382018626842,6000.000000000002,6000.0,51842.33310928162,0.0,1729.8853374120772,53572.2184466937,61.98961588791638,1.1368683772161603e-13,0,0.0
2025-03-13,79869.08448101934,70629.7016945799,696.0469392156174,19278.242744285584,15615.376622871325,117.26449734198081,6000.0,6000.000000000001,53107.700334355744,0.0,3391.964950788199,56499.66528514394,46.95627482029968,1.1368683772161603e-13,0,0.0
2025-03-14,40253.94458493164,30835.396750548818,9.154640003808595,19893.945714349164,16080.08472638404,11001.264419350831,6000.000000000001,6037.790335820875,17794.127336736703,0.0,15.938228246630764,17810.065564983335,99.12220486443238,1.1368683772161603e-13,0,527.6362259334578
2025-03-15,45443.649174294216,35951.13862219118,49.71369905321302,16832.980995659313,13537.603343109979,11781.349520555095,6037.790335820875,6145.691739569837,19753.457714898817,0.0,113.83942828227373,19867.29714318109,111.34796471088104,5.684341886080802e-14,0,272.31279588441953
2025-03-16,75979.81028707638,67197.60110435383,445.66727859329967,20096.25505685168,16409.089161662716,605.0555551281482,6145.691739569837,6000.0,49135.82784019425,0.0,1483.2574254362237,50619.08526563048,40.10764267783059,1.1368683772161603e-13,0,2.779110275241692e-12
2025-03-17,71786.82125987991,63572.11063958819,822.4462232635242,17704.389624434512,14340.555595791955,3172.591400449146,6000.0,6000.0,44527.903923751845,0.0,3880.383435898071,48408.28735964991,50.54636327143266,1.1368683772161603e-13,0,4.092726157978177e-12
2025-03-18,80749.90190750899,66662.57989164416,269.8070707400416,21234.40113479367,17199.864919182874,1771.8923830000006,6000.0,6000.0,51851.99178361187,0.0,1054.7465570706795,52906.73834068255,74.35465207974248,1.1368683772161603e-13,0,121.71556877027831
2025-03-19,67375.98084332464,63852.02604921628,608.8894006864962,20399.51401993947,16523.606356150973,1119.5373381476722,6000.0,6000.000000000001,42199.310280108344,0.0,2468.3969234969727,44667.707203605314,36.943071369069685,1.1368683772161603e-13,0,8.846257060213247e-13
2025-03-20,75188.16812814404,66221.82545560095,913.1995215945251,18498.17133997842,14983.51878538252,1411.410602502963,6000.000000000001,6000.0,48501.633594555344,0.0,4419.249875207664,52920.88346976301,54.61624378144169,1.1368683772161603e-13,0,5.655469513885578
2025-03-21,39512.826239091104,29868.03687418688,5.895912947019042,18104.23538439455,14599.92382259612,14336.156707538776,6000.0,6071.674265292737,16930.846365693436,0.0,9.085601851356342,16939.93196754479,126.65228157481349,1.1368683772161603e-13,0,138.48957782797908
2025-03-22,41030.256036897685,30619.485482918637,34.97030256300002,19276.050251014167,15555.600247115368,11052.806049485833,6071.674265292737,6136.119216632858,17651.742547009453,0.0,62.82414855442953,17714.566695563884,115.24653588409689,1.1368683772161603e-13,0,226.18967396726262
2025-03-23,75172.08436149429,64265.75090914701,686.1420115156952,19382.37847843633,15822.233862503002,2622.028186882705,6136.119216632858,6000.000000000001,47518.56740337108,0.0,2880.590446786448,50399.15785015753,65.42726624181365,1.1368683772161603e-13,0,187.0956332692034
2025-03-24,71114.9125465697,64380.05040668912,645.4680049002517,19026.017086475797,15411.073840045397,3412.078081625612,6000.000000000001,6000.000000000001,44617.35223649567,0.0,2353.8587457721746,46971.21098226785,45.1999027870489,1.1368683772161603e-13,0,1.0871303857129533e-12
2025-03-25,78509.87323638728,66356.90232916175,646.2673205651754,19611.232444878184,15885.098280351327,2326.910766,6000.000000000001,6000.0,50276.42811543321,0.0,2288.0123476247754,52564.44046305799,73.31851331767915,1.1368683772161603e-13,0,5.684341886080801e-13
2025-03-26,68119.13673172609,61807.807448366,796.074772643869,18560.82644203726,15034.269418050184,3484.7703256460954,6000.0,6000.0,42746.34387241903,0.0,3247.962636035072,45994.3065084541,44.87500190673352,1.1368683772161603e-13,0,112.26538827226804
2025-03-27,70185.17788655488,63550.835565787056,697.3533548453781,18989.861611562177,15381.787905365363,1923.1258176059546,6000.0,6000.0,44104.19498166544,0.0,2498.32119664323,46602.516178308666,44.95600406092556,1.1368683772161603e-13,0,4.4231285301066237e-13
2025-03-28,36468.005400299204,29071.05600993582,9.030369876653424,17494.122346128428,14137.134537190193,14901.21780407157,6000.0,6036.782847970928,16250.459903303901,0.0,14.452098168919122,16264.91200147282,112.37022412438104,5.684341886080802e-14,0,345.409783348038
2025-03-29,33839.61879493758,29005.743473878112,80.19835305729265,17439.22979578184,14086.053795162348,18025.556641316514,6036.782847970928,6080.918780660866,14719.571064814072,0.0,195.6143530980171,14915.18541791209,88.92908435960086,1.1368683772161603e-13,0,88.01598725933172
2025-03-30,70046.12403311853,61461.27042735908,1186.0892126893777,17644.50458658462,14364.875617728325,4022.1109704588634,6080.918780660866,6000.0,43247.79023717807,0.0,3829.5965121199406,47077.38674929801,62.511706063727146,1.1368683772161603e-13,0,1.1119993814645568e-12
2025-03-31,61180.158239741824,59332.24338840863,2088.3622083264954,16878.366134487344,13671.47656893475,1262.3265463821685,6000.0,6000.0,38123.91144619819,0.0,8138.578369795889,46262.48981599408,40.029620770373434,1.1368683772161603e-13,0,1.1368683772161603e-12
2025-04-01,73954.66438130294,63987.845180421515,1401.0782109494562,16528.510481891797,13388.093490332358,2039.654885108201,6000.0,6000.000000000002,47391.99521162266,0.0,5073.167810526769,52465.163022149434,61.32049764689201,1.1368683772161603e-13,0,0.0
2025-04-02,70711.25445112925,63808.94776633027,1378.154954027139,18148.170277073634,14700.017924429645,1303.6149690767875,6000.000000000002,6000.0,44954.90724958375,0.0,5469.6966751501095,50424.60392473386,36.510412621507506,1.1368683772161603e-13,0,2.072120253160392e-12
2025-04-03,72017.16554835589,62753.26263578684,720.4919982048408,20233.22771561359,16388.91444964701,3765.911104291735,6000.0,6000.000000000002,45637.74647061275,0.0,2227.3345119594956,47865.080982572246,62.91475364999797,1.1368683772161603e-13,0,1.4921397450962104e-12
2025-04-04,32124.37874960051,27561.304596197522,65.15282720173781,15999.999999999998,12932.616843563774,18128.272015233335,6000.000000000002,6030.4257293735845,13849.764437291004,0.0,109.49066592515571,13959.25510321616,81.41028917477446,1.1368683772161603e-13,0,27.383156436224
2025-04-05,31296.913310938227,27962.100387093662,1151.1667056486285,16622.48916204919,13491.599377696075,13938.262324592433,6030.4257293735845,6000.0,13578.15681059933,0.0,3380.191750710782,16958.34856131011,68.18528080230938,1.1368683772161603e-13,0,5.364597654988756e-13
2025-04-06,67407.3949696162,61374.03024847918,1192.5657888707829,17020.941432777887,13786.962560550091,4922.540901222112,6000.0,6000.0,41604.14306367505,0.0,4471.223516923106,46075.36658059816,48.71615883506404,1.1368683772161603e-13,0,1.4779288903810084e-12
2025-04-07,59697.3182330537,57263.65029608017,3072.2075561550055,17322.952225382433,14031.591302559773,3801.777648885796,6000.0,6000.000000000002,36632.73675200541,0.0,12102.420364657213,48735.15711666262,49.725486166904645,1.1368683772161603e-13,0,1.4139800441625994e-12
2025-04-08,69027.34108413674,61397.42266054184,809.9940029016377,18563.274248901296,15036.252141610054,4327.200936772242,6000.000000000002,6000.0,42667.006140984166,0.0,3455.6164811248327,46122.622622109,56.99555840658003,1.1368683772161603e-13,0,9.521272659185342e-13
2025-04-09,67355.75004840831,62783.06385166582,1164.6759660856853,16865.688018654677,13661.207295110293,1608.9480762337885,6000.0,6000.0,42146.13077197697,0.0,4509.454109339631,46655.5848813166,36.572619820440664,1.1368683772161603e-13,0,3.183231456205249e-12
2025-04-10,65330.194950932666,59784.58609649708,1079.8124689238657,18348.54156446348,14862.318667215417,2917.537771203183,6000.0,6000.0,41324.51274600203,0.0,3836.5773401114957,45161.09008611352,36.479413275773204,1.1368683772161603e-13,0,1.5916157281026244e-12
2025-04-11,31224.54779789021,27727.819218946315,158.76838776798485,18783.688833257962,15208.120126243663,18994.36873363334,6000.0,6007.4086985503245,13048.370533721936,0.0,382.67889669206573,13431.049430414001,34.19302229871505,1.1368683772161603e-13,0,6.667828695293608
2025-04-12,33764.55969922161,27583.497756332014,31.712610832180246,19120.426066709,15490.45536644818,14960.079116669704,6007.4086985503245,6004.175084757117,14095.821288708597,0.0,68.08599558990215,14163.907284298499,105.3324772447204,1.1368683772161603e-13,0,7.387531588566894
2025-04-13,62675.725582097904,59815.11518683801,1122.93734838215,18173.234767135313,14724.07773766101,3212.537026902191,6004.175084757117,6000.0,38766.75296085625,0.0,4129.117516882314,42895.87047773856,32.873040637472435,1.1368683772161603e-13,0,5.1514348342607263e-14
2025-04-14,65927.72747574236,58295.43196172964,1077.13045770497,18415.914452778827,14916.890706750848,3345.5068764736448,6000.0,6000.000000000002,40812.53770196845,0.0,3342.2740501294356,44154.811752097885,52.33828616181903,1.1368683772161603e-13,0,9.876544027065393e-13
2025-04-15,59022.27423866267,56077.10647094584,1137.8758569546158,18316.411455446003,14836.293278911264,3595.4353183356516,6000.000000000002,6000.000000000002,35402.9152527717,0.0,5021.622653658006,40424.53790642971,43.0205703263522,1.1368683772161603e-13,0,3.1585845050585704e-13
2025-04-16,64863.134558730046,60807.728619674475,1008.5415485653103,16962.728517589814,13739.810099247745,2813.7597966977237,6000.000000000002,6000.0,40126.336948606986,0.0,3593.6642603763794,43720.00120898336,33.705882390444714,1.1368683772161603e-13,0,5.053735208093713e-13
2025-04-17,59154.04167033874,56371.12904087608,1431.6711571458777,15944.115008115274,12914.733156573375,1905.0759970168012,6000.0,6000.000000000002,36733.680766923106,0.0,5683.865990220653,42417.54675714376,34.70964111384459,1.1368683772161603e-13,0,0.0
2025-04-18,30570.71647382528,26269.28918664377,122.88328152039907,16833.333333333332,13621.249806526705,16825.97175801758,6000.000000000002,6015.277992748108,12977.674882790081,0.0,237.90847319295432,13215.583355983035,54.414629663600586,1.1368683772161603e-13,0,13.750193473297387
2025-04-19,30066.736411630176,26050.932085555512,175.50653126024645,16500.0,13363.403099930903,16305.162466333331,6015.277992748108,6017.052326158218,12669.048244193718,0.0,362.505067212084,13031.553311405802,79.64270357661215,1.1368683772161603e-13,0,15.347093542396493
2025-04-20,60665.30510888588,57607.21287430555,1300.6039280519979,16092.837146110907,13050.545181892232,3907.779954168912,6017.052326158218,6000.0,37837.05028588756,0.0,4686.934360212423,42523.98464609998,43.297944038288996,1.1368683772161603e-13,0,0.0
2025-04-21,64013.21323790759,56902.75175670796,1339.8873837857552,15631.168163101018,12661.246212111824,6755.806807997858,6000.0,6000.000000000001,38966.93284451942,0.0,4665.072564375919,43632.00540889534,62.974056268291505,1.1368683772161603e-13,0,8.881784197001252e-13
2025-04-22,56941.87517787269,54105.766238480646,2334.4909352593054,16909.643435519407,13696.811182770723,1074.4956052279063,6000.000000000001,6000.0,35515.01836984386,0.0,8128.714615779792,43643.732985623654,62.28842780517962,1.1368683772161603e-13,0,5.559996907322784e-13
2025-04-23,55403.724675730664,53872.277753887814,1958.0765055404145,16043.30456700646,12995.076699275234,1382.209673270344,6000.0,6000.0,34058.73166310141,0.0,7241.075282896953,41299.80694599837,54.304267260394006,1.1368683772161603e-13,0,1.1368683772161603e-12
2025-04-24,57440.37899641423,54208.15330294454,505.0532943947396,15809.844290902016,12805.973875630632,4619.229484901162,6000.0,6000.0,35315.87992093262,0.0,2379.9986076526175,37695.878528585235,37.15182429064819,1.1368683772161603e-13,0,2.5135449277513544e-12
2025-04-25,30656.41942800209,25706.96380375138,30.378558208272636,17759.921391188767,14371.627116437174,20348.690437671397,6000.0,6015.45467825081,12458.09568712339,0.0,45.99635576910913,12504.0920428925,51.70761276275003,1.1368683772161603e-13,0,13.909210425727874
2025-04-26,30376.878357720496,26375.668893103277,81.82243100608707,19123.147148038195,15493.230831785426,22757.381375353194,6015.45467825081,6011.586187279161,12487.775331102475,0.0,207.454423908888,12695.229755011364,52.16457278567652,1.1368683772161603e-13,0,25.828511248189933
2025-04-27,55421.31641254391,52735.895690194375,2155.522711973328,17558.812470785317,14233.06566988735,2992.200417606433,6011.586187279161,6000.0,33622.24399624833,0.0,10013.104588938797,43635.34858518713,39.868615386735,1.1368683772161603e-13,0,0.0
2025-04-28,67504.51154291871,61021.7340803602,621.2758367390954,14385.198250046058,11652.010582537308,2287.85493565394,6000.0,6000.000000000002,42409.55878394698,0.0,2491.1435834292215,44900.7023673762,32.67579239752269,1.1368683772161603e-13,0,0.0
2025-04-29,58534.97885829502,54400.88933041097,1020.6682033736112,15827.2307091465,12820.056874408667,4981.1699815534175,6000.000000000002,6000.0,34950.886150305,0.0,4594.711062815578,39545.59721312058,38.47029544897018,1.1368683772161603e-13,0,0.0
2025-04-30,55169.03722027161,51885.29957456014,1832.0402259170723,14127.930024251855,11443.623319644004,2776.178659768997,6000.0,6000.0,33721.63186386185,0.0,7268.697729181357,40990.32959304321,44.005065404105906,1.1368683772161603e-13,0,8.206768598029157e-13
2025-05-01,58748.06235724109,55704.33212047917,2949.078940567584,19499.718347542166,15794.771861509156,3937.0857749097368,6000.0,6000.0,36614.8086455605,0.0,14666.432079081966,51281.24072464247,47.52406030288996,1.1368683772161603e-13,0,0.0
2025-05-02,33959.27376250047,29382.345535802488,119.89056403348582,17666.666666666664,14309.999999999998,11855.249349833335,6000.0,6000.0,15910.733983341925,0.0,246.76762238672183,16157.501605728647,58.84958197547667,1.1368683772161603e-13,0,0.0
2025-05-03,33204.02496330496,28309.8265445228,301.9642358322038,17495.00629837878,14170.955101686815,16420.567933533333,6000.0,6000.0,15091.46317412462,0.0,1218.7607599925375,16310.223934117157,66.012578805256,1.1368683772161603e-13,0,1.0862422072932532e-12
2025-05-04,64845.44913773528,58896.83429813639,735.2270301932248,14887.394168774332,12058.789276707208,5068.789103262457,6000.0,6000.0,41507.90314549242,0.0,3209.758628933773,44717.66177442619,46.664978655172796,1.1368683772161603e-13,0,5.826450433232822e-13
2025-05-05,66606.97887876537,59926.76515096438,653.5575860316843,18747.159257266532,15185.198998385895,1942.3556796853939,6000.0,6000.0,43030.29462247181,0.0,2866.3906910174505,45896.68531348926,55.43094892371617,1.1368683772161603e-13,0,1.8189894035458565e-12
2025-05-06,56929.50355065394,55098.36510690871,3166.3288505901473,18494.668351420663,14980.681364650736,1880.6246039253288,6000.0,6000.0,36888.392876348225,0.0,14532.056876176457,51420.449752524684,66.34058464299387,1.1368683772161603e-13,0,1.7053025658242404e-12
2025-05-07,60924.46383352813,57894.557305996954,1553.3670881825713,15569.587908661415,12611.366206015748,1421.8567370998583,6000.0,6000.000000000002,39936.78573836931,0.0,6532.648765789755,46469.434504159064,60.274670986250754,1.1368683772161603e-13,0,1.5631940186722204e-12
2025-05-08,66667.68699395194,61585.710197934546,1261.518429167896,14868.867750769208,12043.78287812306,4195.631353759659,6000.000000000002,6000.0,41839.06947014283,0.0,6857.054008899442,48696.123479042275,41.30107361929309,1.1368683772161603e-13,0,1.2505552149377763e-12
2025-05-09,35717.36935926728,28124.90448821376,34.63252864589958,16833.33333333333,13635.000000000002,16461.817832600005,6000.0,6000.000000000001,16051.999623483325,0.0,132.0813785021067,16184.081001985433,88.69379673491348,1.1368683772161603e-13,0,0.0
2025-05-10,35519.128329853374,28264.46621462788,63.09968230733682,17664.25276086596,14308.044736301423,12850.312588134042,6000.000000000001,6000.0,16619.86476989047,0.0,164.10861975986143,16783.97338965033,63.7429958851696,1.1368683772161603e-13,0,4.369169499283993
2025-05-11,65031.666117564804,60337.028716831956,1269.1169790145418,14498.958656231724,11744.156511547695,3367.2644686958383,6000.0,6000.0,41370.385770572175,0.0,6314.349974000486,47684.73574457266,40.2355946773806,1.1368683772161603e-13,0,1.566746732351021e-12
2025-05-12,59697.36628029533,56424.28853749813,1433.1047667758924,13678.14796947323,11079.299855273315,3327.3499554841,6000.0,6000.000000000004,37787.146549928526,0.0,6443.199926415777,44230.346476344304,55.06923994959901,1.1368683772161603e-13,0,6.771472271793755e-12
2025-05-13,68338.33330331776,60020.28901518395,855.053189460089,17665.316310810882,14308.906211756817,4389.719334563275,6000.000000000004,6000.000000000002,43177.40184774743,0.0,4200.3275992875315,47377.72944703496,60.64452726528984,1.1368683772161603e-13,0,1.7763568394002505e-13
2025-05-14,66792.05962168412,59510.72318911902,457.3368042348826,15362.005927532233,12443.224801301116,4035.130081586108,6000.000000000002,6000.0,42403.94260563443,0.0,1711.7269413494944,44115.669546983925,50.555893219685316,1.1368683772161603e-13,0,4.04121180963557e-13
2025-05-15,64675.19089230941,58184.85678343162,645.4360229645945,16718.470965292938,13541.961481887278,2888.725040927219,6000.0,6000.000000000001,42199.99780387436,0.0,2222.7754744631275,44422.77327833748,44.773613148143994,1.1368683772161603e-13,0,0.0
2025-05-16,34696.516363572126,27106.292969304846,57.1879103401393,16833.333333333332,13567.75208688805,21182.39310263333,6000.000000000001,6074.719903457723,15963.790366416932,0.0,139.92361968027376,16103.713986097206,66.78802827390344,1.1368683772161603e-13,0,67.24791311195067
2025-05-17,35399.213965118,28414.516665893407,52.865955318323245,18295.2587758951,14883.893154650304,14607.217917899998,6074.719903457723,6002.793741040757,16138.14679150613,0.0,322.39198012541704,16460.538771631545,73.4062287806481,1.1368683772161603e-13,0,2.514366936681462
2025-05-18,68071.78028006403,60790.27992413366,663.0127683215028,15119.191718814638,12249.05965917654,4906.99253261674,6002.793741040757,6000.000000000001,42965.01671473386,0.0,2271.1057434693257,45236.12245820319,44.78973088076074,1.1368683772161603e-13,0,0.0
2025-05-19,62592.402075577564,55433.88039709497,710.9007461849625,14577.93288876087,11808.125639896305,5859.757342148361,6000.000000000001,6000.000000000004,39560.01886062676,0.0,3571.853594675659,43131.87245530242,48.89554051974195,1.1368683772161603e-13,0,2.9061197892588098e-12
2025-05-20,62646.95615285671,58564.283132742225,1369.837167738458,14641.217413952378,11859.386105301432,2624.894172193402,6000.000000000004,6000.000000000002,39145.83028475176,0.0,5821.024541702098,44966.85482645386,56.65317908718296,1.1368683772161603e-13,0,6.821210263296962e-13
2025-05-21,59571.24533963739,55770.82564876544,1175.3025501432212,14566.458391999291,11798.831297519433,2815.885819185144,6000.000000000002,6000.0,38252.972332831516,0.0,4435.290470170757,42688.262803002275,56.830141567021315,1.1368683772161603e-13,0,0.0
2025-05-22,62507.42748858614,55512.43966693146,701.638884121956,15172.153151913653,12289.444053050063,2514.7386352928233,6000.0,6000.0,40530.1123356499,0.0,2192.324501422741,42722.436837072644,53.99362163895452,1.1368683772161603e-13,0,2.7711166694643907e-13
2025-05-23,34029.22723601341,27207.690419291055,33.47484531758289,17876.484374361928,14477.110371640869,17420.84237995091,6000.0,6003.157746213655,15072.033150578363,0.0,86.0638273115056,15158.096977889869,67.48842026369488,1.1368683772161603e-13,0,2.841971592290662
2025-05-24,34323.93480116564,27090.055321817796,0.0,17552.466192033673,14214.976781112586,19998.064527096634,6003.157746213655,6005.958673363316,15515.841736910117,0.0,0.0,15515.841736910117,47.88318852661166,1.1368683772161603e-13,0,88.20649582456012
2025-05-25,63251.46579584893,56975.620557849186,624.3160774341458,15854.341810485224,12847.37967252002,6047.9643167181275,6005.958673363316,6000.0,39470.77532727545,0.0,2859.8046752854134,42330.58000256086,48.631915357834714,1.1368683772161603e-13,0,2.3998580900297384e-12
2025-05-26,61298.05526654491,56793.682026316965,1660.4098934668443,16153.647219295777,13084.454247629581,805.065997080977,6000.0,6000.000000000001,38794.447296469145,0.0,5571.182326578948,44365.629623048095,61.003601381256395,1.1368683772161603e-13,0,2.3376856006507296e-12
2025-05-27,58277.10584321822,53939.88385382061,552.3903452703967,17771.268534630093,14394.727513050377,1725.365875711258,6000.000000000001,6000.0,36926.72323423612,0.0,2259.033013496252,39185.756247732366,47.81033158762822,1.1368683772161603e-13,0,1.5702994460298214e-12
2025-05-28,66039.30577348925,58224.18864597779,532.4202262685843,17588.59278214789,14246.760153539793,3140.952144361604,6000.0,6000.0,42062.06638628238,0.0,2120.4525866582426,44182.51897294062,34.78255506899055,1.1368683772161603e-13,0,1.2150280781497713e-12
2025-05-29,64812.840288779385,58011.59523974288,1015.5702328981938,15569.99227039735,12611.693739021852,1958.7434413022515,6000.0,6000.0,42032.94063580879,0.0,4153.576349543939,46186.516985352726,46.52102912176769,1.1368683772161603e-13,0,1.8189894035458565e-12
2025-05-30,35035.67993852013,27190.10163371341,39.2185838902667,17052.638807893985,13796.978229834645,17377.426372317634,6000.0,6017.399116177208,16282.29435996692,0.0,80.20390331992687,16362.498263286847,80.08260198750811,1.1368683772161603e-13,0,36.68405412106762
2025-05-31,38405.54332508088,28037.389790599627,93.51114469356747,20305.483345506786,16430.196394731578,15866.432434584698,6017.399116177208,6036.560355209338,16762.04452259901,0.0,231.70091579972524,16993.745438398735,92.65929408929831,1.1368683772161603e-13,0,516.6718904103681
2025-06-01,79777.91087048921,70332.28142545091,3523.153171249891,13959.377383100735,11340.0,11.230916999999863,6036.560355209338,6000.000000000001,57057.28502652796,0.0,14609.281643961085,71666.56667048905,76.09973378723679,1.1368683772161603e-13,0,0.0
2025-06-02,78486.1636053571,69704.10197471945,3669.1658312670775,17558.566865894012,14222.439161374148,1396.3326502999998,6000.000000000001,6000.0,54323.39690843234,0.0,15699.439419304468,70022.8363277368,101.72578923089628,1.1368683772161603e-13,0,1.1368683772161603e-13
2025-06-03,73326.81338547483,69147.16312891438,3468.2237318673333,18389.748455758327,14895.696249164248,928.9678232776032,6000.0,6000.0,50124.94406441168,0.0,15210.121679786833,65335.06574419851,77.17039248224347,1.1368683772161603e-13,0,32.35178667189501
2025-06-04,87703.56047322025,72340.66098150806,1428.6246198669585,18987.80604113208,15380.122893316986,516.3416333,6000.0,6000.000000000002,61998.47358469652,0.0,5478.020815785403,67476.49440048193,111.23633493353519,1.1368683772161603e-13,0,111.67733656445864
2025-06-05,77806.44298608271,72532.9157353809,2599.701178543154,18094.44111894795,14656.49730634784,545.3550805539376,6000.000000000002,6000.0,54132.65367135057,0.0,11850.63389617605,65983.28756752663,76.80777234285542,1.1368683772161603e-13,0,4.547473508864641e-13
2025-06-06,50870.78660113787,40633.13653526844,19.770390382826122,15071.201721266436,12207.673394225816,6934.38319964398,6000.0,6000.0,26756.841309042436,0.0,44.607785394846644,26801.449094437285,58.88461496396956,1.1368683772161603e-13,0,164.53951326419022
2025-06-07,56687.082935091785,43513.44396045149,7.738750937058228,13659.63084989064,11064.300988411416,9799.339683309357,6000.0,6000.000000000002,29796.345613840993,0.0,19.18823294843588,29815.53384678943,93.52975958213226,1.1368683772161603e-13,0,280.49737811346216
2025-06-08,76286.0963744531,68210.89548386597,2346.057213963936,16912.315792696754,13698.97579208437,2158.689433127518,6000.000000000002,6000.000000000002,52297.793402545605,0.0,10502.826794294579,62800.62019684019,93.91201776531658,1.1368683772161603e-13,0,0.0
2025-06-09,84022.58249467233,74272.99758148089,970.4328122734798,18415.173031496874,14916.29015551247,811.8347840000001,6000.000000000002,6000.000000000002,59442.536012143435,0.0,3839.7166484785116,63282.25266062195,62.03141357431597,1.1368683772161603e-13,0,1.9326762412674725e-12
2025-06-10,77915.07714493903,74130.5511905883,1195.9381400820453,17270.813237992246,13989.358722773723,426.5905855884937,6000.000000000002,6000.000000000001,54481.652347754614,0.0,4500.7899401711975,58982.44228792581,61.14729661071702,1.1368683772161603e-13,0,3.552713678800501e-13
2025-06-11,79644.82409999278,75984.43910241878,3730.1307983358392,18914.292787078713,15320.577157533755,36.407955039655036,6000.000000000001,6000.0,56417.49017788176,0.0,16632.181608474006,73049.67178635576,61.681728286271436,1.1368683772161603e-13,0,7.074341112911497e-13
2025-06-12,77511.06278686374,73610.3732775091,2160.12981879082,16497.313057087624,13362.823576240979,183.62218215991845,6000.0,6000.0,54366.04008606386,0.0,9869.375792779509,64235.41587884337,52.155236594988864,1.1368683772161603e-13,0,1.1368683772161603e-13
2025-06-13,49660.048386478345,37891.37246426524,14.012798168899849,15266.337039820657,12365.733002254728,6659.467526114909,6000.0,6000.0,26458.565915823256,0.0,48.012427029103705,26506.57834285236,68.59090108726718,1.1368683772161603e-13,0,383.1450309143957
2025-06-14,51735.189443083495,40398.206135795,19.561270950036942,14792.04928054781,11938.497843161593,11370.873219218858,6000.0,6047.84674898015,27331.680657719837,0.0,46.98617282198874,27378.666830541824,102.6688841480727,1.1368683772161603e-13,0,276.20409672496567
2025-06-15,72288.26354350931,68660.68431974192,5052.65254930025,16470.655847514045,13384.293310568508,0.0,6047.84674898015,6000.000000000001,50518.967000023455,0.0,22016.74020522242,72535.70720524588,70.85852980686543,1.1368683772161603e-13,0,8.668621376273222e-13
2025-06-16,78416.944081509,74545.35572190593,1787.3886674938856,16940.823274752358,13722.066852549411,419.93515164357746,6000.000000000001,6000.000000000001,55342.262176776654,0.0,7827.0642652660945,63169.32644204275,58.41740946596149,1.1368683772161603e-13,0,4.035882739117369e-12
2025-06-17,79880.49192000442,75877.12527814905,1928.408105150565,16390.782439857307,13276.533776284417,54.27350000000001,6000.000000000001,6000.0,56792.51680693048,0.0,8896.965635930874,65689.48244286135,56.59486965057047,1.1368683772161603e-13,0,0.0
2025-06-18,80260.555862382,72926.54602272599,1086.082399485524,15409.545897411635,12481.732176903426,156.42379900000037,6000.0,6000.0,57124.06155810284,0.0,4299.44218049186,61423.5037385947,48.775004243205856,1.1368683772161603e-13,0,0.0
2025-06-19,76487.86928095351,70448.13822472146,2676.7489964231518,17778.19620828205,14400.338928708461,1487.5257431110347,6000.0,6000.000000000002,52408.26481241214,0.0,11870.246038709573,64278.51085112171,68.89844880556133,1.1368683772161603e-13,0,7.578382366091319e-13
2025-06-20,52639.14323290289,38570.6895149715,0.0,15849.59531854174,12599.793393772283,12920.306740368706,6000.000000000002,6264.865349162811,27084.417178704294,0.0,0.0,27084.417178704294,101.67506456538618,1.1368683772161603e-13,0,722.8438573478036
2025-06-21,47613.76158194865,33635.7410362247,0.0,18687.17086155906,14983.015675264329,10596.845450966666,6264.865349162811,6435.523929827822,25160.41551083958,0.0,0.0,25160.41551083958,88.61001525222052,1.1368683772161603e-13,0,391.97153684504633
2025-06-22,74112.14324009912,69405.96257245648,2157.2257631239463,16392.033117231505,13669.518361802559,1383.3324813948207,6435.523929827822,6000.000000000001,51135.44811615262,0.0,9913.467437439744,61048.915553592364,59.734869982794606,1.1368683772161603e-13,0,0.0
2025-06-23,75713.88015157115,70240.07685488628,1458.228305882902,16298.099360153636,13201.460481724444,1540.3802790666955,6000.000000000001,6000.000000000002,53272.86085439677,0.0,5612.645319377607,58885.50617377438,53.44934627198892,1.1368683772161603e-13,0,1.5165646516379638e-13
2025-06-24,87342.2050643928,78927.57247023759,906.9792532884007,18019.314163740113,14574.718668084135,121.1639836999999,6000.000000000002,6023.250893939288,64034.748416101866,0.0,3681.8996551250098,67716.64807122688,42.88204705751304,1.1368683772161603e-13,0,20.925804545359597
2025-06-25,78230.535568428,71203.41204079284,2325.144670111894,15923.254977123419,12918.762336015328,86.6427000000001,6023.250893939288,6000.0,54103.06899809057,0.0,11055.202935630832,65158.27193372141,65.07250340953455,1.1368683772161603e-13,0,0.0
2025-06-26,76071.34606196888,69475.15803706506,1791.8659888375519,17844.238392591426,14453.83309799905,329.2348956369019,6000.0,6000.0,52203.09247676331,0.0,7200.504451599273,59403.59692836258,63.08156931256432,1.1368683772161603e-13,0,6.821210263296962e-13
2025-06-27,48336.93073388624,33569.065235504895,58.55667898079878,17992.205041757923,14470.561688987018,10334.33269631139,6000.0,6114.58266092989,25287.066373022266,0.0,75.33926693125198,25362.40563995352,97.46827319667545,1.1368683772161603e-13,0,599.5626567602721
2025-06-28,47334.81510358724,33718.24239374827,25.176584194718544,18489.99921851414,14905.053890447565,8381.547533473045,6114.58266092989,6194.410968206434,25236.042520440187,0.0,49.02908825484115,25285.071608695027,76.761026934332,1.1368683772161603e-13,0,193.0712858751996
2025-06-29,76093.50081162015,69682.98298760538,3359.9648595983654,16825.91414945174,13803.960332441698,753.2254916603819,6194.410968206434,6000.0,52563.49627978125,0.0,14206.268288034033,66769.76456781528,74.00800774884813,1.1368683772161603e-13,0,9.978684545330907e-13
2025-06-30,80249.21341110175,72451.56806355578,955.931253639451,17149.37570455369,13890.994320688493,271.43394999999987,6000.0,6000.0,55850.50846426441,0.0,3995.0274917588868,59845.53595602329,41.27367406356629,1.1368683772161603e-13,0,0.0
2025-07-01,71952.09460141779,71425.8543273363,10602.444838629403,15978.786020671228,12942.816676743692,125.78579150143582,6000.0,6000.000000000001,54027.94112549906,0.0,44837.32921628922,98865.27034178827,146.954986803097,1.1368683772161603e-13,0,0.0
2025-07-02,78542.77789642825,74811.61602011956,1911.8824732121566,14891.3267981348,12061.974706489182,989.380035382823,6000.000000000001,6000.0,60237.15410666514,0.0,8183.850084602577,68421.00419126771,128.77097855363365,1.1368683772161603e-13,0,0.0
2025-07-03,87329.68770476316,81222.08207241648,1993.364963879948,16057.077210350963,13006.23254038428,404.1834367330134,6000.0,6000.0,68103.3192505565,0.0,8364.229094666809,76467.5483452233,121.5019797404764,1.1368683772161603e-13,0,3.056888076002906e-12
2025-07-04,50633.05671677619,41716.68980101633,314.1091368460409,17249.026666228412,13971.711599645016,9872.616399382245,6000.0,6000.0,30764.164500642146,0.0,957.057917806619,31721.222418448764,75.06790878561998,1.1368683772161603e-13,0,3.0411229090532288e-12
2025-07-05,52649.22912677437,42649.58853019223,19.181403581102927,18500.0,14985.0,10363.689965033333,6000.0,6000.000000000001,31380.60670763225,0.0,43.273757281882524,31423.880464914135,70.27881520608818,1.1368683772161603e-13,0,6.536993168992922e-13
2025-07-06,83521.25867411621,79035.33831893498,3861.1950721734474,14165.28594679708,11473.881616905634,411.14751118700894,6000.000000000001,6000.000000000001,65963.46297986762,0.0,19050.877007124443,85014.33998699207,143.78694423131788,1.1368683772161603e-13,0,0.0
2025-07-07,85195.87513700753,77129.20982410747,1123.5715980281284,14320.344703359446,11599.47920972115,2122.4331634606106,6000.000000000001,6000.000000000002,65623.98696759531,0.0,4898.881055379337,70522.86802297464,75.58260254964776,1.1368683772161603e-13,0,63.05703510390572
2025-07-08,90583.6415526022,80898.87383951567,226.7886903075397,16494.316922928905,13360.396707572418,2420.355299,6000.000000000002,6000.0,70433.47601880773,0.0,903.5746566698149,71337.05067547756,76.0218270362924,1.1368683772161603e-13,0,0.0
2025-07-09,91199.36148985216,79419.47863610726,214.9269172281945,17666.70324611658,14310.02962935443,2219.0069160000003,6000.0,6000.0,69807.55060716136,0.0,1041.419694690104,70848.97030185147,62.232286228494075,1.1368683772161603e-13,0,0.0
2025-07-10,84507.26474410706,77560.40736399367,580.4582828835426,15402.08373334615,12475.687824010378,2360.84635937476,6000.0,6000.0,65505.866614142025,0.0,2406.0782766109714,67911.944890753,77.08011450179802,1.1368683772161603e-13,0,1.3642420526593924e-12
2025-07-11,68015.21179529585,46462.08450689237,0.0,16154.181056588764,12832.6257910672,10621.752092660841,6000.0,6280.289849744116,41035.715684338546,0.0,0.0,41035.715684338546,90.60825038857011,1.1368683772161603e-13,0,277.54789444112464
2025-07-12,60191.77199059984,43209.77609078001,0.0,18305.136184928735,14894.032600690694,8714.429172145337,6280.289849744116,6205.987304301427,36556.92845935514,0.0,0.0,36556.92845935514,53.25703465423922,1.1368683772161603e-13,0,267.3935799308717
2025-07-13,91405.89276905656,75718.79749708806,0.0,17058.72886563221,14002.958955033375,3395.3071886224943,6205.987304301427,6000.0,69709.89652498017,0.0,0.0,69709.89652498017,64.64589577872584,1.1368683772161603e-13,0,4.8496313009411836
2025-07-14,87358.0106357284,77667.37628920225,147.26256470196233,18059.069502208797,14627.846296789121,2575.7364341245384,6000.0,6000.0,65991.76377443603,0.0,651.900869349761,66643.66464378579,68.26821107728634,1.1368683772161603e-13,0,0.0
2025-07-15,91360.6136010566,77597.3146831952,108.28247873435305,15846.327864348594,12835.52557012236,1945.7442829999989,6000.0,6000.0,69452.38791584721,0.0,347.7464987647361,69800.13441461195,49.87451478360519,1.1368683772161603e-13,0,0.0
2025-07-16,88513.15565050342,76929.24755569876,436.0993399497887,16213.743818348314,13133.132492862136,2150.1721882890442,6000.0,6000.0,68882.74526569471,0.0,1471.1035824480641,70353.84884814278,74.19306696711513,1.1368683772161603e-13,0,9.348077867343818e-13
2025-07-17,86605.56958980422,78082.80321849474,655.6891687373319,16675.6600337578,13507.284627343815,2849.7009112280903,6000.0,6000.0,66383.39995504997,0.0,3612.232753827682,69995.63270887766,75.69104309016451,1.1368683772161603e-13,0,0.0
2025-07-18,74870.81504905949,46841.29499897183,0.0,15784.32437608231,12294.527288322213,12077.249811238436,6000.0,6545.306062560509,44576.43253557894,0.0,0.0,44576.43253557894,137.81940545116754,1.1368683772161603e-13,0,1243.3751772651526
2025-07-19,72519.84828594197,42751.48052515412,0.0,19621.592140241355,16263.466249044304,12210.535583033332,6545.306062560509,6134.220934284058,42803.6327171321,0.0,0.0,42803.6327171321,149.52468786979904,1.1368683772161603e-13,0,323.91052006546965
2025-07-20,93246.13927143675,76658.10268350132,71.9674504749762,15217.53029941095,12446.99838337852,1869.560003710517,6134.220934284058,6000.0,70737.40514700903,0.0,369.3300899362137,71106.73523694524,61.6901003119629,1.1368683772161603e-13,0,0.0
2025-07-21,93778.90812019308,78435.93405567468,345.0574615997359,14705.284059026038,11911.280087811092,1997.2381972801031,6000.0,6000.0,73065.97100277501,0.0,1746.1442966378238,74812.11529941284,46.97718237232928,1.1368683772161603e-13,0,4.547473508864641e-13
2025-07-22,90595.66292746896,77978.19798716364,300.53938597492413,16722.16132737878,13544.950675176813,1306.3821037365642,6000.0,6000.0,70091.82918175936,0.0,1492.4970668571984,71584.32624861655,61.15472331298721,1.1368683772161603e-13,0,2.6503244043851737e-12
2025-07-23,100377.67186504719,79655.14514605724,6.590288800821554,15891.33033303405,12871.977569757579,2425.835555241215,6000.0,6000.0,77815.27751348724,0.0,45.189610307233394,77860.46712379447,60.61341613482656,1.1368683772161603e-13,0,0.0
2025-07-24,98349.81259245661,78530.31144537638,18.42557341505085,15249.500969449642,12352.095785254207,2034.859834,6000.0,6000.0,77816.4572672855,0.0,73.5884964445596,77890.04576373006,58.367346172249604,1.1368683772161603e-13,0,0.0
2025-07-25,63816.93690911849,41700.34721251186,0.0,18332.95239052034,14737.044907107469,11599.120164472652,6000.0,6125.162810237785,38448.46298078138,0.0,0.0,38448.46298078138,87.72410127380033,1.1368683772161603e-13,0,144.32514295016853
2025-07-26,68829.30721732741,45319.298062956936,0.0,18050.926805381696,14704.085312887824,13503.365005096735,6125.162810237785,6033.124365205958,40591.208128845545,0.0,0.0,40591.208128845545,114.31218988291916,1.1368683772161603e-13,0,101.54837494870874
2025-07-27,91654.39283740285,77926.65637031232,1171.3572899570977,16847.207037063927,13676.049628707142,2241.66645277901,6033.124365205958,6000.0,70819.95447338973,0.0,5829.896908162871,76649.85138155261,68.5214919018951,1.1368683772161603e-13,0,1.4281908988778014e-12
2025-07-28,93488.58959962513,81339.84142153633,258.82801666828914,15954.95784162054,12923.515851712635,612.3502149999997,6000.0,6000.0,72861.26794069531,0.0,1361.1490403017165,74222.41698099703,60.59221089640121,1.1368683772161603e-13,0,1.1368683772161603e-13
2025-07-29,90161.06005912392,79410.63350486793,486.6158478228876,17106.07878872342,13855.923818865971,577.8484320000002,6000.0,6000.0,68905.00503814446,0.0,2891.7186990129912,71796.72373715744,58.95230902604223,1.1368683772161603e-13,0,0.0
2025-07-30,83968.35042391553,76689.9131947444,1385.088477449199,14979.131333512494,12133.096380145122,1125.712667932861,6000.0,6000.0,65425.87948001508,0.0,6179.254328747895,71605.13380876297,84.68592759075698,1.1368683772161603e-13,0,0.0
2025-07-31,88613.46603915693,78873.9911384036,550.6626965402763,15792.564694707115,12791.977402712764,1729.0702728395572,6000.0,6000.0,68312.67811853212,0.0,2672.930546467065,70985.60866499918,61.77981700325795,1.1368683772161603e-13,0,0.0
2025-08-01,63213.30178206142,40352.392469201346,0.0,18193.50533836249,14641.749337295973,15549.276802424836,6000.0,6105.54442975294,37135.64539641686,0.0,0.0,37135.64539641686,115.18057020037605,1.1368683772161603e-13,0,177.91001204893388
2025-08-02,70212.07080495257,39990.49253184161,0.0,18362.333325904336,14856.6923331594,15557.826606723313,6105.54442975294,6124.208497334179,39450.8767276983,0.0,0.0,39450.8767276983,168.78100820629837,1.1368683772161603e-13,0,222.0586510459537
2025-08-03,79737.93761202242,70457.80855588682,39.591397550214595,15988.377225854245,13062.373200542701,4731.915943688757,6124.208497334179,6000.0,59556.92926039317,0.0,194.11141138358786,59751.040671776755,48.72737577811262,1.1368683772161603e-13,0,1.0942358130705543e-12
2025-08-04,85191.79757984867,72417.90120868459,55.417160934357355,16770.121164844808,13583.798143524296,3871.3402628987683,6000.0,6000.000000000002,64253.447746846636,0.0,254.33126797569804,64507.779014822336,41.249127313638056,1.1368683772161603e-13,0,2.7284841053187847e-12
2025-08-05,85542.13616731134,71535.63155838978,192.5975672503772,16633.452520182407,13473.096541347753,3415.5634151751074,6000.000000000002,6000.0,64591.9008970071,0.0,920.4756325928872,65512.37652959999,47.471889535497745,1.1368683772161603e-13,0,4.169109502072388e-12
2025-08-06,93449.90077573204,74340.23148353226,304.8471312884719,15770.78375654654,12774.334842802698,3534.2304335728554,6000.0,6000.0,72565.44934509434,0.0,1686.5742343961647,74252.0235794905,59.87994529855631,1.1368683772161603e-13,0,3.552713678800501e-13
2025-08-07,93325.55498680501,73133.42870824903,37.478589979863955,17702.57184260978,14339.083192513926,6419.433399,6000.0,6000.0,69129.40727370667,0.0,122.85351552604894,69252.26078923272,87.41820354576288,1.1368683772161603e-13,0,0.0
2025-08-08,59335.50254283857,39342.33026361964,0.0,18497.970587337957,14846.764768819676,19915.953194564692,6000.0,6151.768229915636,35284.56528297443,0.0,0.0,35284.56528297443,79.485615987765,1.1368683772161603e-13,0,167.65060534183016
2025-08-09,59424.10199667292,39765.465736891325,0.0,19057.792710740472,15346.00898337219,17131.753009456403,6151.768229915636,6252.660576946298,35681.03200899281,0.0,0.0,35681.03200899281,94.33334102281103,1.1368683772161603e-13,0,247.1747294424133
2025-08-10,90194.22735012477,70295.27206679992,528.0731190119313,15372.686007310915,12679.270185173511,2825.3103171044336,6252.660576946298,6000.0,70169.95857952457,0.0,2748.4997867376683,72918.45836626223,40.20673945760199,1.1368683772161603e-13,0,0.0
2025-08-11,89222.57183099823,73061.04275708579,22.161878928329884,17825.24993142281,14438.452444452474,5135.153819243857,6000.0,6000.0,66069.01993386843,0.0,80.70819201035107,66149.72812587878,43.559411600006534,1.1368683772161603e-13,0,0.0
2025-08-12,96155.55902809752,74445.85502744399,0.0,14090.799569914798,11413.547651630986,4008.059454460176,6000.0,6000.0,73689.16520928981,0.0,0.0,73689.16520928981,51.61225114810139,1.1368683772161603e-13,0,0.0
2025-08-13,88833.99100230352,71555.14951745988,242.25240976357694,15305.2010241273,12397.21282954311,2768.434288302945,6000.0,6000.0,66584.54995870887,0.0,1447.1424856471504,68031.69244435603,46.43840578540145,1.1368683772161603e-13,0,2.7036151095671812e-12
2025-08-14,90345.54692829584,72157.17522409347,581.5235119415815,16017.42563117845,12974.114761254546,3769.0968800844753,6000.0,6000.0,69217.68507708362,0.0,3321.2902014177303,72538.97527850134,41.51960340329059,1.1368683772161603e-13,0,8.846257060213247e-13
2025-08-15,63984.09181572282,39294.0855434947,0.0,15997.322190071645,12922.223640235246,19059.26010866169,6000.0,6039.563704136435,38070.46860067305,0.0,0.0,38070.46860067305,151.48080278959668,1.1368683772161603e-13,0,40.454169693104845
2025-08-16,62091.29195518364,39542.85528428033,20.316071442375744,17647.311893297323,14169.922110720687,19156.501206202673,6039.563704136435,6177.78650730326,37622.299972245004,0.0,65.62091075887365,37687.92088300388,139.53794492615313,1.1368683772161603e-13,0,195.03999637144463
2025-08-17,94010.16546653147,71099.18521650595,0.0,16978.6154598016,13912.686379012232,4867.862522046535,6177.78650730326,6000.0,70105.64479124149,0.0,0.0,70105.64479124149,60.971402641108085,1.1368683772161603e-13,0,0.0
2025-08-18,91733.29187205483,70438.07349836099,0.0,18799.586354919615,15227.66494748489,2472.036476096261,6000.0,6000.0,70068.14567750167,0.0,0.0,70068.14567750167,34.61115019255206,1.1368683772161603e-13,0,0.0
2025-08-19,91871.3358225052,71899.0798523429,0.0,15318.316359490294,12407.836251187138,4670.939691176372,6000.0,6000.0,69995.00377012938,0.0,0.0,69995.00377012938,36.16962032916495,1.1368683772161603e-13,0,9.094947017729282e-13
2025-08-20,99261.337822139,77119.8541091856,89.97619652525191,17477.000915667035,14156.370741690298,3238.5090644474494,6000.0,6000.0,75487.46885035449,0.0,450.1377910567572,75937.60664141124,50.25927083449261,1.1368683772161603e-13,0,0.0
2025-08-21,94697.94321277601,73032.86734088718,0.0,15412.800463838865,12484.368375709479,4260.016771494467,6000.0,6000.0,71310.87914570404,0.0,0.0,71310.87914570404,42.73871772891316,1.1368683772161603e-13,0,0.0
2025-08-22,60565.3277803494,40466.82174087472,0.0,17593.83806284107,14169.193405132994,15811.607684233335,6000.0,6090.906028631418,36656.068525435505,0.0,0.0,36656.068525435505,83.1960156744875,1.1368683772161603e-13,0,81.8154257682772
2025-08-23,58892.18191059092,40275.52799755619,0.0,19756.935489643773,16044.215507814057,14032.801865949816,6090.906028631418,6045.2418495174115,34588.29761521254,0.0,0.0,34588.29761521254,64.29441922854629,1.1368683772161603e-13,0,366.6365805095057
2025-08-24,90722.3222679028,70046.64020197571,102.10959399123476,17359.50816550864,14101.91927862767,3157.5714284825945,6045.2418495174115,6000.0,69678.93722361208,0.0,518.7327357156227,70197.6699593277,39.23362128254511,1.1368683772161603e-13,0,1.4903633882568101e-12
2025-08-25,111529.92177073128,76548.70113280276,4.98849068821653,17763.067849935054,14388.08495844739,2405.619718000001,6000.0,6000.0,84676.4745221337,0.0,23.208952926927402,84699.68347506064,123.20287702510278,1.1368683772161603e-13,0,0.0
2025-08-26,93377.36183640381,71387.78859254938,10.5597812233259,19973.972703567422,16178.917889889615,2074.475180401595,6000.0,6000.0,70459.1489253378,0.0,59.68388347423798,70518.83280881203,45.91996300760526,1.1368683772161603e-13,0,2.7036151095671812e-12
2025-08-27,93340.45950152635,74377.45362022724,281.29060671429284,20649.42285517561,16726.032512692247,2821.205019724839,6000.0,6000.0,70208.6758560346,0.0,1694.5749404747096,71903.25079650931,60.27429708357655,1.1368683772161603e-13,0,25.58056744294067
2025-08-28,91716.1729921797,74977.48478559972,142.0595887816671,17689.022430293488,14328.108168537727,990.8351295255997,6000.0,6000.0,69230.13885948015,0.0,655.6680480212626,69885.80690750142,52.94331662556723,1.1368683772161603e-13,0,1.0609291223317996e-12
2025-08-29,67450.80059908864,41309.42823071571,0.0,18359.713669544577,14808.081202314992,15202.57541472209,6000.0,6070.31874446235,38809.31188770851,0.0,0.0,38809.31188770851,136.09555494465633,1.1368683772161603e-13,0,317.2051281404254
2025-08-30,62705.04904169777,40693.25124948567,0.0,18750.539237196776,15098.28356122528,18528.275738880442,6070.31874446235,6169.933434355802,37626.7422186347,0.0,0.0,37626.7422186347,132.16533105607726,1.1368683772161603e-13,0,561.0446043134839
2025-08-31,91364.14600360504,73487.67292424865,204.7084839690948,17674.64236107206,14469.400403388587,3840.5163721412855,6169.933434355802,6000.0,68371.3996155829,0.0,827.6362293791817,69199.03584496207,51.489158824152106,1.1368683772161603e-13,0,2.842170943040401e-14
2025-09-01,95159.07802219602,63085.31198674271,0.0,16841.35245316998,13378.430433527277,6048.255430699999,6000.0,6292.294503933787,62965.80874697091,0.0,0.0,62965.80874697091,161.43812284901495,1.1368683772161603e-13,0,533.9725292385377
2025-09-02,86130.10566274839,60848.658608735255,0.0,17191.90282853706,14182.037927297974,3781.037860699209,6292.294503933787,6007.187130397171,57613.81509172477,0.0,0.0,57613.81509172477,88.22156067680756,1.1368683772161603e-13,0,6.468417357453063
2025-09-03,88864.64046005718,64344.680850892866,0.0,17695.51510603663,14339.835653247126,5441.284150699999,6007.187130397171,6000.0,60093.40300905135,0.0,0.0,60093.40300905135,96.67667992440923,1.1368683772161603e-13,0,1.9326762412674725e-12
2025-09-04,85738.27909583677,63735.82196335658,0.7879609607227849,18052.343802658164,14585.002293012694,6343.702860975167,6000.0,6041.551319044913,58144.75399381007,0.0,3.928773350163805,58148.68276716023,89.97801521276243,1.1368683772161603e-13,0,37.3961871404202
2025-09-05,52846.777058771186,31113.874857559334,0.0,16523.542785099777,13031.265049571006,20797.33545576057,6041.551319044913,6433.5564372224835,27406.209446778492,0.0,0.0,27406.209446778492,164.70732615179796,1.1368683772161603e-13,0,899.35259587253
2025-09-06,53256.76200201288,31324.035454015597,0.0,18307.67612855082,14819.244209716586,20114.51983554803,6433.5564372224835,6444.638053233129,27612.147291574496,0.0,0.0,27612.147291574496,173.08313843777444,1.1368683772161603e-13,0,557.2865953754218
2025-09-07,78461.89613576965,62042.891833346934,194.85987696712465,16691.312299426805,13920.13721044553,4505.593002236384,6444.638053233129,6000.0,52129.940280151626,0.0,1155.8447668158597,53285.78504696749,65.14024698886621,1.1368683772161603e-13,0,1.0613732115416497e-12
2025-09-08,87506.84303629791,66319.26284462993,0.0,17763.389163977725,14388.34522282196,3548.6493707811255,6000.0,6000.000000000002,59101.962239438144,0.0,0.0,59101.962239438144,77.00656329691257,1.1368683772161603e-13,0,1.9326762412674725e-12
2025-09-09,74970.09601143707,60723.85007708377,0.0,16972.872150778938,13748.026442130944,4396.170104008776,6000.000000000002,6000.0,50593.285479709215,0.0,0.0,50593.285479709215,59.190754368508095,1.1368683772161603e-13,0,1.1368683772161603e-13
2025-09-10,87576.15026243962,66973.60271382265,41.35892914952183,18531.79229063271,15010.751755412497,2177.922458652345,6000.0,6000.000000000002,59490.09678806218,0.0,181.96314734381062,59672.059935405996,65.64738713666723,1.1368683772161603e-13,0,0.0
2025-09-11,86095.55598653015,63856.56660859431,261.1470103028445,16477.3101732605,13346.621240341006,7490.938899617626,6000.000000000002,6000.0,57141.21103012642,0.0,1438.4901316609962,58579.701161787416,126.19943270530975,1.1368683772161603e-13,0,0.0
2025-09-12,55703.70905715892,32929.268179121034,0.0,18086.298431187653,14290.836516785606,17582.15006284861,6000.0,6398.961347195995,28927.723460927795,0.0,0.0,28927.723460927795,163.33352659641494,1.1368683772161603e-13,0,1281.8426062490437
2025-09-13,54866.70476762357,32353.808347968996,0.0,18082.74826335838,14708.122235434374,20972.080835474953,6398.961347195995,6331.076744847016,28701.354999504823,0.0,0.0,28701.354999504823,184.5685131280838,1.1368683772161603e-13,0,1053.1947136836416
2025-09-14,89718.76739290956,66210.56859330568,0.0,18302.233976547403,15122.778591365712,2931.7884573512883,6331.076744847016,6000.0,61197.97815781673,0.0,0.0,61197.97815781673,90.23287600770128,1.1368683772161603e-13,0,175.52388252762262
2025-09-15,74021.24678068611,60771.86964536407,411.9504763364926,17351.691899990434,14054.870438992251,2819.9680271587067,6000.0,6000.000000000002,51010.241903971786,0.0,1836.229502891757,52846.471406863544,53.15351122871862,1.1368683772161603e-13,0,2.7782220968219917e-12
2025-09-16,88582.18888725873,67770.90271702256,11.349395680314046,19706.22259697015,15962.040303545826,4546.29983484518,6000.000000000002,6000.0,60120.80580186308,0.0,38.07086936505835,60158.87667122814,86.02462464022338,1.1368683772161603e-13,0,2.0463630789890885e-12
2025-09-17,84181.70305489248,66048.80016567129,98.11665269907633,18144.902657982355,14697.371152965708,2739.2669161603308,6000.0,6000.0,58014.902165647196,0.0,454.5804943798837,58469.48266002708,69.43219381864645,1.1368683772161603e-13,0,1.7177370637000422e-12
2025-09-18,75274.61872967318,63810.408687146446,651.2133296305107,18574.735858797172,15045.53604562571,1976.3710867421923,6000.0,6000.0,50953.743980830346,0.0,2825.1058349908963,53778.849815821246,63.457270999305706,1.1368683772161603e-13,0,3.716138508025324e-12
2025-09-19,59417.523134654104,33617.13222227043,0.0,17557.413461986176,14024.693311332834,13983.059755047158,6000.0,6218.679547639971,30451.838161281412,0.0,0.0,30451.838161281412,193.5861520756143,1.1368683772161603e-13,0,394.5598933476557
2025-09-20,56950.254228797545,32817.61478295688,0.0,19006.18512118613,15495.808998328832,13661.804928193578,6218.679547639971,6106.680603008785,29683.43879985925,0.0,0.0,29683.43879985925,177.5222208238244,1.1368683772161603e-13,0,297.36459368695284
2025-09-21,83836.68776855273,65460.91148743892,0.0,18210.28196382946,14846.340933409769,3809.482976279907,6106.680603008785,6000.000000000001,56763.98194425835,0.0,0.0,56763.98194425835,68.82775051054043,1.1368683772161603e-13,0,7.389644451905042e-13
2025-09-22,86805.1617086002,67841.84304818879,39.09478941238831,17825.062914850496,14438.300961028901,3880.1559991462445,6000.000000000001,6000.0,60257.04166182941,0.0,167.56008771082315,60424.601749540234,79.70010686418327,1.1368683772161603e-13,0,6.821210263296962e-13
2025-09-23,84562.83147715703,68410.89919212792,56.75919388894414,18140.468401583174,14693.779405282374,2904.353803692714,6000.0,6000.0,57867.79298012781,0.0,283.66551027995047,58151.45849040776,54.9131520032495,1.1368683772161603e-13,0,0.0
2025-09-24,74546.38007392717,65018.28699905466,980.5399843138857,18328.009246056437,14845.68748930572,1453.2801262111955,6000.0,6000.0,51083.105632096616,0.0,2628.301765151648,53711.407397248266,68.37500749150267,1.1368683772161603e-13,0,5.936584557275637e-12
2025-09-25,78043.87312300113,67190.87749264092,200.08597434179933,18396.518547913434,14901.180023809886,3560.176046012547,6000.0,6000.0,52900.42779705213,0.0,793.5022300229629,53693.93002707509,52.255801282044075,1.1368683772161603e-13,0,4.04121180963557e-13
2025-09-26,61844.891831765206,34483.67649182609,0.0,19013.65418244524,15224.71757497725,13000.496383054757,6000.0,6195.935903114883,30432.65619553532,0.0,0.0,30432.65619553532,226.53193945590854,1.1368683772161603e-13,0,622.6636677525927
2025-09-27,54137.70364795915,33668.05549597306,0.0,17589.40293726151,14423.045441351756,12700.395748333329,6195.935903114883,6000.79250070385,29220.99851013984,0.0,0.0,29220.99851013984,137.5959915562853,1.1368683772161603e-13,0,0.7132506334660178
2025-09-28,78862.05932511913,68587.88335104987,204.28455338042988,17685.559943738957,14326.016805062023,1944.9956002567633,6000.79250070385,6000.0,53988.87688825467,0.0,897.5784633482918,54886.45535160296,42.85776255015263,1.1368683772161603e-13,0,2.020605904817785e-13
2025-09-29,73946.74427331524,68054.1630264995,860.343864525484,18681.837372633883,15132.288271833444,2605.0661864582185,6000.0,6000.0,49824.01234111682,0.0,3111.34950504519,52935.361846162006,45.5519481751069,1.1368683772161603e-13,0,6.568079413682426e-13
2025-09-30,72263.71172942841,66983.4678431616,3316.6103013427287,19075.6990577259,15451.316236757984,1253.5205580696904,6000.0,6000.0,49298.825321324955,0.0,13823.275173485863,63122.10049481082,70.37069498271671,1.1368683772161603e-13,0,4.348521542851813e-12
2025-10-01,68514.26497542049,57985.21648418357,210.46149767130402,18564.18102174995,15036.986627617465,5006.962051488392,6000.0,6000.000000000002,43912.2256136642,0.0,707.4906601755226,44619.716273839724,95.10529990908351,1.1368683772161603e-13,0,1.6697754290362354e-12
2025-10-02,74833.4587594592,61552.82514820037,223.80953951211916,18387.24750916568,14893.670482424202,6552.274539500982,6000.000000000002,6000.000000000001,47942.60339973422,0.0,650.6319252647975,48593.23532499901,124.71219846895227,1.1368683772161603e-13,0,0.0
2025-10-03,45513.82574956989,29893.779501190038,0.0,20132.140767431458,16123.231349013262,18067.716383868545,6000.000000000001,6204.22519178469,21062.371481203965,0.0,0.0,21062.371481203965,186.31198258809485,1.1368683772161603e-13,0,246.29455022194855
2025-10-04,57655.03000145793,32112.36989167764,0.0,18227.285306932237,14789.433688653076,15578.535841138517,6204.22519178469,6176.077869520287,26361.31416510373,0.0,0.0,26361.31416510373,237.58625993945932,1.1368683772161603e-13,0,277.75435874877587
2025-10-05,78568.50281660183,62762.880956444365,363.9321195074971,18603.199285182378,15227.061503565985,5014.714227542172,6176.077869520287,6000.0,50153.767158260365,0.0,1142.3263005410975,51296.093458801464,96.27030490411299,1.1368683772161603e-13,0,6.572520305780927e-13
2025-10-06,64537.72188629527,60927.66925781918,1459.9656554768512,17741.966008879037,14370.992467192025,1283.552124278986,6000.0,6000.000000000001,42582.447042828135,0.0,6333.943653254226,48916.39069608236,60.69953722329987,1.1368683772161603e-13,0,0.0
2025-10-07,70020.03103061239,64307.25233743276,963.9333495678505,18705.821600968186,15151.715496784234,3945.516582183346,6000.000000000001,6000.0,44731.57398305733,0.0,3902.846287768555,48634.42027082588,33.08276357848392,1.1368683772161603e-13,0,1.8065549056700547e-12
2025-10-08,67685.59305702406,62563.62953029874,1374.9611244629432,17366.421147615845,14066.801129568837,4160.474968774704,6000.0,6000.0,43530.24108179627,0.0,5923.886628328244,49454.12771012451,38.583771017444406,1.1368683772161603e-13,0,0.0
2025-10-09,71719.1841073387,63587.14198935984,834.8899064858883,18468.93989949091,14959.841318587634,5152.951633175757,6000.0,6000.0,46017.65287255464,0.0,3002.1268999792414,49019.77977253388,83.91624518046173,1.1368683772161603e-13,0,1.5916157281026244e-12
2025-10-10,47010.80053399212,31189.763155207576,2.3816068614880237,18487.898153581395,14975.197504400936,18335.833195251937,6000.0,6000.0,22519.606468477825,0.0,4.347623325646387,22523.954091803473,191.37351728239585,1.1368683772161603e-13,0,21.904342017669567
2025-10-11,44725.97525785889,31612.28601090884,34.305820831464246,18810.279358940767,15236.326280742023,13966.325169638527,6000.0,6000.0,21224.463453033575,0.0,70.00817820527031,21294.471631238845,166.38515088385174,1.1368683772161603e-13,0,34.4977915427277
2025-10-12,70519.16355208064,64277.274466644005,936.3883464397527,18045.08097594398,14616.515590514624,3270.1414468150424,6000.0,6000.0,45214.61624345787,0.0,3920.321145898538,49134.93738935641,37.17193201655698,1.1368683772161603e-13,0,1.8687273950490635e-12
2025-10-13,71466.51059119392,63988.321318997696,1200.9986822529936,17380.317573056316,14078.057234175621,4859.6643579436795,6000.0,6000.0,46486.742671851986,0.0,5458.007404957814,51944.750076809796,57.151025767203365,1.1368683772161603e-13,0,1.4921397450962104e-13
2025-10-14,71298.04078093744,65493.668709414356,2238.8743675475757,18554.968775443034,15029.524708108856,3433.269726088125,6000.0,6000.0,46526.55927586813,0.0,9222.61872046562,55749.17799633375,59.68222061938223,1.1368683772161603e-13,0,0.0
2025-10-15,73217.4391028434,66328.42735459148,1478.327179026043,20255.89995635514,16407.27896464767,2038.109888649967,6000.0,6000.0,47713.81585094424,0.0,5056.495178513327,52770.31102945756,57.78180332083597,1.1368683772161603e-13,0,0.0
2025-10-16,70150.351160236,66690.52603467146,2209.333673130642,18899.031195213363,15308.215268122825,2342.5708325842334,6000.0,6000.000000000002,46627.97641607676,0.0,8510.091485890422,55138.06790196718,42.72705750327438,1.1368683772161603e-13,0,0.0
2025-10-17,38662.820515480096,31379.96732840506,11.357371661238744,18499.999999999996,14985.0,11872.125382533335,6000.000000000002,6000.0,18548.61286852191,0.0,19.460656717754347,18568.073525239663,76.2784462555686,1.1368683772161603e-13,0,2.6290081223123707e-12
2025-10-18,44959.73394972362,32458.19257400855,68.56346148813412,20129.730095403625,16305.08137727694,12625.5140499,6000.0,6000.0,21232.387751074915,0.0,127.40640373508779,21359.794154810003,142.06747176383635,5.684341886080802e-14,0,1.0231815394945443e-12
2025-10-19,75595.7040217938,68266.87146194655,1290.5441273704664,19142.89702757531,15505.746592336,2034.5426173777496,6000.0,6000.0,50800.81638005815,0.0,4941.571761546421,55742.38814160458,33.298399009896315,1.1368683772161603e-13,0,0.0
2025-10-20,79461.05132095233,68770.53264681465,782.9298168251015,19365.86286521224,15686.348920821913,1433.1661513860538,6000.0,6000.000000000001,53493.64233270156,0.0,2269.3749973974222,55763.01733009898,46.657289121204975,1.1368683772161603e-13,0,0.0
2025-10-21,72892.58980366864,68266.23307706705,2815.314196261116,18555.806144069218,15030.202976696066,1093.3627508516754,6000.000000000001,6000.0,48655.349120794184,0.0,10996.346940870411,59651.696061664596,53.60411591380693,1.1368683772161603e-13,0,1.1368683772161603e-13
2025-10-22,70333.1874384658,68175.89377114768,2624.636134054911,19175.928954156094,15532.502452866436,1602.2067066895775,6000.0,6000.000000000001,46858.16996793572,0.0,10302.374391802543,57160.54435973826,35.99616839186635,1.1368683772161603e-13,0,0.0
2025-10-23,82617.14553946469,67743.42682843277,1630.882531000614,20386.85276521091,16513.350739820842,2121.3103,6000.000000000001,6000.000000000002,54570.06989334814,0.0,5858.97630006492,60429.04619341306,100.5809340198522,1.1368683772161603e-13,0,0.0
2025-10-24,39356.00711165929,32659.50244014497,46.07648718910701,17656.987600686363,14302.159956555954,10930.700568433333,6000.000000000002,6000.000000000003,19068.44598583116,0.0,94.06719407736392,19162.513179908525,92.04315575852739,1.1368683772161603e-13,0,0.0
2025-10-25,40896.4849045709,32901.00191271573,161.27952889524164,18108.403991498235,14667.80723311357,10223.251951366681,6000.000000000003,6000.0,18840.705033217382,0.0,292.75995132006847,19133.46498453745,119.3475709684871,1.1368683772161603e-13,0,1.1254996934439987e-11
2025-10-26,76764.14901824572,68120.64273773314,1656.874974560334,20634.098822732405,16713.62004641325,1312.7269183776566,6000.0,6000.000000000001,50373.839960756304,0.0,5946.169853748654,56320.009814504956,52.41330689555329,1.1368683772161603e-13,0,1.957545237019076e-12
2025-10-27,70157.64076282049,66564.44340985054,2731.393701357802,22096.450411915484,17898.124833651542,1544.9298625510744,6000.000000000001,6000.0,45208.9896471456,0.0,10552.578940811287,55761.56858795689,31.606806347523463,1.1368683772161603e-13,0,7.578382366091319e-13
2025-10-28,69882.23795858248,66912.08639636596,3975.1471559043184,20820.70563170827,16864.771561683698,958.8777840090182,6000.0,6000.000000000001,46221.59788110826,0.0,15562.668333098522,61784.266214206786,51.97641603679118,1.1368683772161603e-13,0,0.0
2025-10-29,79268.64622367756,72369.07117464788,1347.5987161075527,19929.093379625054,16142.565637496296,617.88535,6000.000000000001,6000.000000000001,53892.93527075094,0.0,6387.208052334063,60280.143323085,33.51729367193761,1.1368683772161603e-13,0,0.0
2025-10-30,70559.00468360461,68201.968456185,1502.194483979617,20553.74903881149,16648.53672143731,1011.1329737170897,6000.000000000001,6000.0,47136.09066518288,0.0,5629.305244201634,52765.39590938451,41.24107149038772,1.1368683772161603e-13,0,2.325251102774928e-12
2025-10-31,43797.62558533854,34311.70392315275,24.506515640702617,19333.33333333333,15660.0,6758.585038293417,6000.0,6000.000000000001,21094.022555102823,0.0,92.77419735798942,21186.796752460814,83.14603908539932,1.1368683772161603e-13,0,1.6129320101754274e-12
2025-11-01,40394.858447464736,33025.08208596509,57.22075563862569,18186.526185809216,14731.086210505466,7082.824435133332,6000.000000000001,6000.0,19436.936296789394,0.0,105.99448529206322,19542.930782081457,62.00531744341475,1.1368683772161603e-13,0,1.2718714970105793e-12
2025-11-02,74670.7973176694,70568.08297855055,2328.786666248733,19067.59138882624,15444.749024949257,477.64334645226194,6000.0,6000.000000000002,50948.056515896395,0.0,10048.57301846145,60996.629534357846,43.07949033229696,1.1368683772161603e-13,0,1.7692514120426495e-12
2025-11-03,79647.8186354462,72208.76849604654,1687.7441377413234,18941.778347146697,15342.840461188827,792.644469,6000.000000000002,6000.0,54463.537337539325,0.0,6621.615401824769,61085.15273936409,37.12235072281932,1.1368683772161603e-13,0,0.0
2025-11-04,74132.15321744801,69567.20017921754,2698.870968821575,20052.80727411592,16242.773892033896,875.9657337507635,6000.0,6000.0,49898.526269331356,0.0,11909.013359877652,61807.53962920901,25.986949388056622,1.1368683772161603e-13,0,2.5579538487363607e-13
2025-11-05,81779.2437759018,72335.63362793217,2206.2697670659613,19388.473228429102,15704.663315027574,1180.0734160000002,6000.0,6000.0,56320.61905344311,0.0,9497.868209449132,65818.48726289225,53.95904277112397,1.1368683772161603e-13,0,1.9326762412674725e-12
2025-11-06,78632.82097265855,73757.75003843487,1993.9947637336018,21061.990879991958,17060.212612793486,380.3819840000001,6000.0,6000.0,54452.123577213264,0.0,8534.776008808134,62986.8995860214,26.56272229157017,1.1368683772161603e-13,0,0.0
2025-11-07,41051.40757211008,34336.36020275864,68.98928312542756,17821.209488484994,14435.179685672847,7700.857899971945,6000.0,6000.0,20365.387568242946,0.0,170.75346957939772,20536.141037822345,54.24853291635226,5.684341886080802e-14,0,3.197442310920451e-13
2025-11-08,43653.15640608478,35715.3722577546,112.7228678920535,16633.28847402589,13472.963663960967,8876.563216248467,6000.0,6000.000000000001,20950.72182690417,0.0,401.5072609846774,21352.229087888845,79.00319669335353,1.1368683772161603e-13,0,4.973799150320701e-13
2025-11-09,81796.84251841056,74742.56111742434,1432.539085221298,21931.67246585387,17764.654697341637,661.2652480000002,6000.000000000001,6000.0,56085.485237043635,0.0,6517.2464076555025,62602.73164469914,25.574632481742544,1.1368683772161603e-13,0,7.389644451905042e-13
2025-11-10,82519.80604874277,76705.55584059627,1521.1212035239987,21918.187846966575,17753.73215604293,203.7782500000003,6000.0,6000.000000000001,57416.26684637382,0.0,7364.855776703336,64781.12262307716,36.23911045983664,1.1368683772161603e-13,0,0.0
2025-11-11,84587.49934071174,74648.48671924189,1165.3190622247703,20666.666666666664,16740.0,328.1194499999999,6000.000000000001,6000.0,58776.11162321913,0.0,5371.266531910962,64147.37815513009,36.014965080400344,1.1368683772161603e-13,0,0.0
2025-11-12,80954.59267803628,73710.66102366643,1484.6239361982425,20879.759513656307,16912.605206061613,272.14290100000005,6000.0,6000.000000000001,55683.52326245513,0.0,7315.743126662693,62999.26638911782,27.079819804987196,1.1368683772161603e-13,0,1.9895196601282805e-12
2025-11-13,78632.98789778608,73140.79680656218,3195.3342242237036,20247.483501522314,16400.461636233074,93.23784599335318,6000.000000000001,6000.0,54676.6622517043,0.0,14347.72477546105,69024.38702716536,53.07575218615605,1.1368683772161603e-13,0,0.0
2025-11-14,43771.117471379825,37475.637972688215,50.15359588114893,15109.754534458003,12238.901172910982,7056.482906222642,6000.0,6000.0,21485.93739302116,0.0,85.25334003083685,21571.190733051997,41.165315558356475,1.1368683772161603e-13,0,0.0
2025-11-15,50116.895827343,38873.87647826274,62.11015523694081,16188.778374444017,13112.910483299647,7648.231825222649,6000.0,6000.000000000002,24859.260877308338,0.0,142.46763413888235,25001.72851144722,75.21178273778904,5.684341886080802e-14,0,4.298783551348606e-13
2025-11-16,83969.26478239361,77355.35737164126,1182.0863868340434,20293.900955780002,16438.059774181806,247.05819431343343,6000.000000000002,6000.000000000002,59095.76891555582,0.0,5473.222782981069,64568.99169853689,27.668724793468932,1.1368683772161603e-13,0,0.0
2025-11-17,81296.76812893407,76278.38876434104,643.6706273234836,21989.42603777071,17811.43509059428,48.31411215083426,6000.000000000002,6000.000000000001,56401.1805049783,0.0,2468.492266727311,58869.67277170561,40.87034160476804,1.1368683772161603e-13,0,2.0179413695586845e-12
2025-11-18,84524.09370515085,77613.64324223538,1055.9813640271705,19863.176934920724,16089.173317285791,5.069159031250212,6000.000000000001,6000.0,60089.89891722293,0.0,4699.857529514576,64789.756446737505,31.911357948971116,1.1368683772161603e-13,0,4.547473508864641e-13
2025-11-19,83668.90649722685,78081.46198884628,1318.5958120603614,20666.666666666664,16740.0,105.07953399999997,6000.0,6000.0,59601.36047636895,0.0,5696.132782385159,65297.49325875411,32.15455741571595,1.1368683772161603e-13,0,0.0
2025-11-20,83419.56546884458,77711.46968550092,1007.2766396057211,20541.702502510037,16638.77902703313,22.74681600000008,6000.0,6000.0,58586.83331579401,0.0,4193.09497898193,62779.928294775935,33.157247093122734,1.1368683772161603e-13,0,0.0
2025-11-21,44606.31262606259,37719.31120845187,214.04348843424373,18378.054592819637,14886.224220183909,5577.140257380362,6000.0,6000.0,21925.44877145751,0.0,474.9013138929741,22400.350085350485,38.104526934513856,1.1368683772161603e-13,0,0.0
2025-11-22,48747.07278503652,40236.472566756216,78.24677650901555,17727.78164181669,14359.503129871522,6726.611347983031,6000.0,6000.0,23760.56236073014,0.0,208.15274735733448,23968.715108087472,65.81311282040139,1.1368683772161603e-13,0,0.0
2025-11-23,81708.27065000054,77342.55634510629,2373.6498053573746,20666.666666666664,16740.0,557.443201,6000.0,6000.0,57399.39777717067,0.0,11550.208281023342,68949.60605819401,31.016979790773227,1.1368683772161603e-13,0,0.0
2025-11-24,80840.78907869282,77132.62178041035,1131.3442540640287,20750.05269308106,16807.54268139566,159.51232358560634,6000.0,6000.0,56457.68688731154,0.0,4520.755018290083,60978.44190560162,29.57174040332902,1.1368683772161603e-13,0,2.779110275241692e-12
2025-11-25,91752.70978730556,79585.91510478774,621.329970109204,20729.358041019055,16790.780013225434,100.00658300000009,6000.0,6000.0,65855.0513193116,0.0,2439.876969483067,68294.92828879468,50.734244110292856,1.1368683772161603e-13,0,0.0
2025-11-26,86686.64324536806,79259.74017459586,1427.541709608119,20666.666666666664,16740.0,2.948332999999934,6000.0,6000.000000000002,61756.3904747918,0.0,7004.500273213158,68760.89074800495,31.779910441091562,1.1368683772161603e-13,0,1.9326762412674725e-12
2025-11-27,84134.72781125335,78762.39350188756,953.7300282487324,20666.666666666664,16740.000000000004,8.564133000000083,6000.000000000002,6000.0,59827.43645539127,0.0,4875.2000401004725,64702.63649549174,24.17938626713697,1.1368683772161603e-13,0,0.0
2025-11-28,44448.8601615503,38346.590424183356,78.94820462516631,16336.898057058172,13232.887426217121,4400.28944920414,6000.0,6000.0,21915.024191496817,0.0,265.58995813525286,22180.61414963207,39.53777073512572,1.1368683772161603e-13,0,3.2085445411667024e-12
2025-11-29,55246.96745095668,43973.204927966464,190.60875786780332,17761.728278177132,14386.999905323473,5859.635213313984,6000.0,6000.000000000004,26982.676839260093,0.0,372.14846278722064,27354.825302047313,80.73175879776007,1.1368683772161603e-13,0,0.0
2025-11-30,90492.88975164914,83221.7103215113,1155.90035431604,21751.487165915623,17618.704604391656,0.0,6000.000000000004,6000.000000000004,65215.00648935349,0.0,5719.210089348658,70934.21657870215,31.210905402390367,1.1368683772161603e-13,0,0.0
2025-12-01,93724.41895891956,86841.91439591127,3542.0133355587154,21499.999999999993,17415.0,0.0,6000.000000000004,6000.000000000002,73103.3572797785,0.0,13065.060996886637,86168.41827666514,44.98220433013388,1.1368683772161603e-13,0,0.0
2025-12-02,98399.36461763465,90928.45560195182,1816.7248737923187,21617.73961405694,17510.369087386127,0.0,6000.000000000002,6000.0,77404.65077666396,0.0,9830.039522278665,87234.69029894262,54.77654156376378,1.1368683772161603e-13,0,0.0
2025-12-03,89154.64911033014,87121.80801732739,4160.503063954647,21681.90799990519,17562.345479923206,0.0,6000.0,6000.000000000003,68484.00041767312,0.0,18964.08960151193,87448.09001918504,90.47026312921534,1.1368683772161603e-13,0,0.0
2025-12-04,96524.90363691494,88160.64982970647,2853.892254653529,22333.33333333333,18090.0,0.0,6000.000000000003,6000.000000000002,75064.53105318261,0.0,14524.575796441713,89589.10684962432,76.70814196354914,1.1368683772161603e-13,0,0.0
2025-12-05,58587.86325058065,48212.84915041865,138.94903253942607,17420.55652964861,14110.650789015377,3730.2647571848433,6000.000000000002,6000.000000000003,31360.59080574924,0.0,271.30796041025263,31631.898766159495,40.71776287375779,1.1368683772161603e-13,0,7.460698725481052e-14
2025-12-06,62007.81792337976,50176.95906668561,87.53205973196492,18873.02770601546,15287.152441872531,3013.9850457779758,6000.000000000003,6000.0,33898.52757233009,0.0,181.11279947505273,34079.64037180514,47.726436444471446,1.1368683772161603e-13,0,1.5664136654436334e-12
2025-12-07,100039.91077831201,90740.85286528095,1303.5849591473605,23114.508282638322,18722.751708937045,0.0,6000.0,6000.0,77990.0956621724,0.0,6106.933564628673,84097.02922680108,45.30388028606461,1.1368683772161603e-13,0,2.9558577807620168e-12
2025-12-08,99759.00175301635,91105.85357549785,769.7806345423041,21202.22679002014,17173.803699916316,0.0,6000.0,6000.000000000001,78041.01685611761,0.0,3644.416057070407,81685.43291318802,43.79799689682516,1.1368683772161603e-13,0,0.0
2025-12-09,98915.92922868431,90428.05798809354,1039.5438701315095,21469.197850605597,17390.050258990537,0.0,6000.000000000001,6000.0,76400.52283456325,0.0,5441.3202515210905,81841.84308608434,47.37350760477281,1.1368683772161603e-13,0,2.1600499167107046e-12
2025-12-10,95824.39549600966,91189.37779649589,1282.7396281820706,21497.36292951364,17412.863972906052,0.0,6000.0,6000.000000000002,74266.563770569,0.0,5922.736945995077,80189.30071656407,57.40164141815684,1.1368683772161603e-13,0,1.9326762412674725e-12
2025-12-11,98898.66788455972,89511.33078561138,534.9239125216151,21499.999999999996,17415.0,0.0,6000.000000000002,6000.000000000002,75718.48590799529,0.0,2357.8233846337625,78076.30929262906,35.163584422751725,1.1368683772161603e-13,0,0.0
2025-12-12,65172.803808713856,50027.0161085296,0.0,19976.33951561016,16180.835007644233,2517.0981168000008,6000.000000000002,6000.000000000002,34986.20515909328,0.0,0.0,34986.20515909328,55.90997503038156,1.1368683772161603e-13,0,2.0463630789890885e-12
2025-12-13,66890.16418516738,49237.41666488164,9.916977362274224,20523.577643409164,16624.097891161426,1549.3205067691754,6000.000000000002,6000.0,36527.29692342035,0.0,20.936492050928543,36548.23341547127,64.32888155695201,1.1368683772161603e-13,0,116.58634587661393
2025-12-14,94896.03929064976,91476.83834482392,1441.3634326714184,21786.736724168397,17647.2567465764,0.0,6000.0,6000.0,73790.91681814459,0.0,7704.271076651404,81495.18789479599,61.198090979412555,1.1368683772161603e-13,0,1.0231815394945443e-12
2025-12-15,95047.11192173851,91829.10581798313,1693.3721919759655,21331.15811240046,17278.23807104437,0.0,6000.0,6000.0,73673.84756669102,0.0,8404.207793400983,82078.05536009201,66.24460020379325,1.1368683772161603e-13,0,5.684341886080801e-13
2025-12-16,100281.00044434246,93211.06527862613,442.0479884965449,22289.58912608781,18054.567192131122,0.0,6000.0,6000.0,78366.20137766305,0.0,2013.2082613971625,80379.4096390602,39.397221104620336,1.1368683772161603e-13,0,1.9326762412674725e-12
2025-12-17,101033.82338508317,91815.65392254497,597.0281528461497,22214.92108769006,17994.08608102895,0.0,6000.0,6000.000000000003,78893.69438529527,0.0,2448.7026592943785,81342.39704458964,38.286409022736784,1.1368683772161603e-13,0,5.222489107836736e-13
2025-12-18,96146.06129981828,90816.65786238035,594.4327521971592,21288.545507707968,17243.72186124346,0.0,6000.000000000003,6000.000000000002,74328.45503740135,0.0,2441.1816955102627,76769.63673291162,44.15041367962801,1.1368683772161603e-13,0,3.979039320256561e-12
2025-12-19,66863.74708742638,49760.18423128977,0.0,20880.458571633182,16890.05824067368,2861.3926004232317,6000.000000000002,6025.68133594356,35781.952685843295,0.0,0.0,35781.952685843295,63.05218963632288,1.1368683772161603e-13,0,44.79768290845526
2025-12-20,69536.26040961416,49686.97299101431,0.0,21457.84531813657,17373.46137808863,2746.236800796005,6025.68133594356,6033.896146612442,37728.6928933256,0.0,0.0,37728.6928933256,77.32428350324005,1.1368683772161603e-13,0,53.613758249625846
2025-12-21,101037.59528610253,92983.82599349218,270.7935653222495,22354.443275240148,18137.60558489572,0.0,6033.896146612442,6000.0,78093.44485624165,0.0,1425.9866022874626,79519.43145852911,37.32657264290077,1.1368683772161603e-13,0,0.0
2025-12-22,99209.62987204976,92621.62491544861,437.9201433957336,21695.35776284752,17573.239787906496,0.0,6000.0,6000.000000000002,77542.00679376216,0.0,2078.2183196946453,79620.2251134568,44.09427247832548,1.1368683772161603e-13,0,0.0
2025-12-23,102456.43225682159,91620.8365011425,242.96338118808558,24240.564982075277,19634.857635480977,0.0,6000.000000000002,6000.000000000003,79337.7710862612,0.0,1269.1604550601946,80606.93154132139,29.73695121238571,1.1368683772161603e-13,0,0.0
2025-12-24,101060.20716873289,91884.65168831387,206.79241223536064,22299.393617294263,18062.508830008355,0.0,6000.000000000003,6000.0,78075.21071248851,0.0,939.8572094512132,79015.06792193973,32.395273308590134,1.1368683772161603e-13,0,0.0
2025-12-25,97159.99130796625,91537.65860263407,779.0152681875666,23706.449158654214,19202.223818509916,0.0,6000.0,6000.000000000002,74390.79577844735,0.0,3437.9325911206242,77828.72836956798,54.28393057407243,1.1368683772161603e-13,0,0.0
2025-12-26,66281.25660713353,49492.44188519068,0.0,20555.4072166028,16340.47287294388,2269.8851091383976,6000.000000000002,6343.785525004881,35234.851122147746,0.0,0.0,35234.851122147746,56.88148023997391,1.1368683772161603e-13,0,333.1524304812594
2025-12-27,68184.30540593027,49494.943980271855,5.3387566642118145,22536.676420125896,18440.263917156823,2065.0611667,6343.785525004881,6137.6121729439465,36048.94930949222,0.0,7.743866541439237,36056.69317603366,65.60240230677154,1.1368683772161603e-13,0,221.029710073608
2025-12-28,99640.3774762755,90553.11153502495,346.57413682285824,22180.43091895117,18090.000000000004,0.0,6137.6121729439465,6000.0,76565.41372206327,0.0,1454.2225023691622,78019.63622443243,39.372473123079025,1.1368683772161603e-13,0,0.0
2025-12-29,99850.43727141633,91389.60500549688,265.45009314048696,21743.625425317798,17612.336594507422,0.0,6000.0,6000.0,76605.19736583783,0.0,1157.8499375253482,77763.04730336317,32.83029440456133,1.1368683772161603e-13,0,1.9326762412674725e-12
2025-12-30,100988.08060919962,90448.29845531851,138.5169663289683,22960.06748372176,18597.654661814624,0.0,6000.0,6000.0,76887.73801000317,0.0,652.0681851033986,77539.80619510658,34.465550620426114,1.1368683772161603e-13,0,3.410605131648481e-13
2025-12-31,102800.62216771915,92538.80834871327,350.94791782340195,22333.33333333333,18090.0,0.0,6000.0,6000.0,79487.37725408847,0.0,1492.3471953019919,80979.72444939046,28.80507973194971,1.1368683772161603e-13,0,1.9326762412674725e-12
