template,sheet,cell,original_label,canonical_label
result1.xlsx,计划购电量,A2,0:10-0:20,00:00—00:10
result1.xlsx,计划购电量,A3,0:20-0:30,00:10—00:20
result1.xlsx,计划购电量,A4,0:30-0:40,00:20—00:30
result1.xlsx,计划购电量,A5,0:40-0:50,00:30—00:40
result1.xlsx,计划购电量,A6,0:50-1:00,00:40—00:50
result1.xlsx,计划购电量,A7,1:00-1:10,00:50—01:00
result1.xlsx,计划购电量,A8,1:10-1:20,01:00—01:10
result1.xlsx,计划购电量,A9,1:20-1:30,01:10—01:20
result1.xlsx,计划购电量,A10,1:30-1:40,01:20—01:30
result1.xlsx,计划购电量,A11,1:40-1:50,01:30—01:40
result1.xlsx,计划购电量,A12,1:50-2:00,01:40—01:50
result1.xlsx,计划购电量,A13,2:00-2:10,01:50—02:00
result1.xlsx,计划购电量,A14,2:10-2:20,02:00—02:10
result1.xlsx,计划购电量,A15,2:20-2:30,02:10—02:20
result1.xlsx,计划购电量,A16,2:30-2:40,02:20—02:30
result1.xlsx,计划购电量,A17,2:40-2:50,02:30—02:40
result1.xlsx,计划购电量,A18,2:50-3:00,02:40—02:50
result1.xlsx,计划购电量,A19,3:00-3:10,02:50—03:00
result1.xlsx,计划购电量,A20,3:10-3:20,03:00—03:10
result1.xlsx,计划购电量,A21,3:20-3:30,03:10—03:20
result1.xlsx,计划购电量,A22,3:30-3:40,03:20—03:30
result1.xlsx,计划购电量,A23,3:40-3:50,03:30—03:40
result1.xlsx,计划购电量,A24,3:50-4:00,03:40—03:50
result1.xlsx,计划购电量,A25,4:00-4:10,03:50—04:00
result1.xlsx,计划购电量,A26,4:10-4:20,04:00—04:10
result1.xlsx,计划购电量,A27,4:20-4:30,04:10—04:20
result1.xlsx,计划购电量,A28,4:30-4:40,04:20—04:30
result1.xlsx,计划购电量,A29,4:40-4:50,04:30—04:40
result1.xlsx,计划购电量,A30,4:50-5:00,04:40—04:50
result1.xlsx,计划购电量,A31,5:00-5:10,04:50—05:00
result1.xlsx,计划购电量,A32,5:10-5:20,05:00—05:10
result1.xlsx,计划购电量,A33,5:20-5:30,05:10—05:20
result1.xlsx,计划购电量,A34,5:30-5:40,05:20—05:30
result1.xlsx,计划购电量,A35,5:40-5:50,05:30—05:40
result1.xlsx,计划购电量,A36,5:50-6:00,05:40—05:50
result1.xlsx,计划购电量,A37,6:00-6:10,05:50—06:00
result1.xlsx,计划购电量,A38,6:10-6:20,06:00—06:10
result1.xlsx,计划购电量,A39,6:20-6:30,06:10—06:20
result1.xlsx,计划购电量,A40,6:30-6:40,06:20—06:30
result1.xlsx,计划购电量,A41,6:40-6:50,06:30—06:40
result1.xlsx,计划购电量,A42,6:50-7:00,06:40—06:50
result1.xlsx,计划购电量,A43,7:00-7:10,06:50—07:00
result1.xlsx,计划购电量,A44,7:10-7:20,07:00—07:10
result1.xlsx,计划购电量,A45,7:20-7:30,07:10—07:20
result1.xlsx,计划购电量,A46,7:30-7:40,07:20—07:30
result1.xlsx,计划购电量,A47,7:40-7:50,07:30—07:40
result1.xlsx,计划购电量,A48,7:50-8:00,07:40—07:50
result1.xlsx,计划购电量,A49,8:00-8:10,07:50—08:00
result1.xlsx,计划购电量,A50,8:10-8:20,08:00—08:10
result1.xlsx,计划购电量,A51,8:20-8:30,08:10—08:20
result1.xlsx,计划购电量,A52,8:30-8:40,08:20—08:30
result1.xlsx,计划购电量,A53,8:40-8:50,08:30—08:40
result1.xlsx,计划购电量,A54,8:50-9:00,08:40—08:50
result1.xlsx,计划购电量,A55,9:00-9:10,08:50—09:00
result1.xlsx,计划购电量,A56,9:10-9:20,09:00—09:10
result1.xlsx,计划购电量,A57,9:20-9:30,09:10—09:20
result1.xlsx,计划购电量,A58,9:30-9:40,09:20—09:30
result1.xlsx,计划购电量,A59,9:40-9:50,09:30—09:40
result1.xlsx,计划购电量,A60,9:50-10:00,09:40—09:50
result1.xlsx,计划购电量,A61,10:00-10:10,09:50—10:00
result1.xlsx,计划购电量,A62,10:10-10:20,10:00—10:10
result1.xlsx,计划购电量,A63,10:20-10:30,10:10—10:20
result1.xlsx,计划购电量,A64,10:30-10:40,10:20—10:30
result1.xlsx,计划购电量,A65,10:40-10:50,10:30—10:40
result1.xlsx,计划购电量,A66,10:50-11:00,10:40—10:50
result1.xlsx,计划购电量,A67,11:00-11:10,10:50—11:00
result1.xlsx,计划购电量,A68,11:10-11:20,11:00—11:10
result1.xlsx,计划购电量,A69,11:20-11:30,11:10—11:20
result1.xlsx,计划购电量,A70,11:30-11:40,11:20—11:30
result1.xlsx,计划购电量,A71,11:40-11:50,11:30—11:40
result1.xlsx,计划购电量,A72,11:50-12:00,11:40—11:50
result1.xlsx,计划购电量,A73,12:00-12:10,11:50—12:00
result1.xlsx,计划购电量,A74,12:10-12:20,12:00—12:10
result1.xlsx,计划购电量,A75,12:20-12:30,12:10—12:20
result1.xlsx,计划购电量,A76,12:30-12:40,12:20—12:30
result1.xlsx,计划购电量,A77,12:40-12:50,12:30—12:40
result1.xlsx,计划购电量,A78,12:50-13:00,12:40—12:50
result1.xlsx,计划购电量,A79,13:00-13:10,12:50—13:00
result1.xlsx,计划购电量,A80,13:10-13:20,13:00—13:10
result1.xlsx,计划购电量,A81,13:20-13:30,13:10—13:20
result1.xlsx,计划购电量,A82,13:30-13:40,13:20—13:30
result1.xlsx,计划购电量,A83,13:40-13:50,13:30—13:40
result1.xlsx,计划购电量,A84,13:50-14:00,13:40—13:50
result1.xlsx,计划购电量,A85,14:00-14:10,13:50—14:00
result1.xlsx,计划购电量,A86,14:10-14:20,14:00—14:10
result1.xlsx,计划购电量,A87,14:20-14:30,14:10—14:20
result1.xlsx,计划购电量,A88,14:30-14:40,14:20—14:30
result1.xlsx,计划购电量,A89,14:40-14:50,14:30—14:40
result1.xlsx,计划购电量,A90,14:50-15:00,14:40—14:50
result1.xlsx,计划购电量,A91,15:00-15:10,14:50—15:00
result1.xlsx,计划购电量,A92,15:10-15:20,15:00—15:10
result1.xlsx,计划购电量,A93,15:20-15:30,15:10—15:20
result1.xlsx,计划购电量,A94,15:30-15:40,15:20—15:30
result1.xlsx,计划购电量,A95,15:40-15:50,15:30—15:40
result1.xlsx,计划购电量,A96,15:50-16:00,15:40—15:50
result1.xlsx,计划购电量,A97,16:00-16:10,15:50—16:00
result1.xlsx,计划购电量,A98,16:10-16:20,16:00—16:10
result1.xlsx,计划购电量,A99,16:20-16:30,16:10—16:20
result1.xlsx,计划购电量,A100,16:30-16:40,16:20—16:30
result1.xlsx,计划购电量,A101,16:40-16:50,16:30—16:40
result1.xlsx,计划购电量,A102,16:50-17:00,16:40—16:50
result1.xlsx,计划购电量,A103,17:00-17:10,16:50—17:00
result1.xlsx,计划购电量,A104,17:10-17:20,17:00—17:10
result1.xlsx,计划购电量,A105,17:20-17:30,17:10—17:20
result1.xlsx,计划购电量,A106,17:30-17:40,17:20—17:30
result1.xlsx,计划购电量,A107,17:40-17:50,17:30—17:40
result1.xlsx,计划购电量,A108,17:50-18:00,17:40—17:50
result1.xlsx,计划购电量,A109,18:00-18:10,17:50—18:00
result1.xlsx,计划购电量,A110,18:10-18:20,18:00—18:10
result1.xlsx,计划购电量,A111,18:20-18:30,18:10—18:20
result1.xlsx,计划购电量,A112,18:30-18:40,18:20—18:30
result1.xlsx,计划购电量,A113,18:40-18:50,18:30—18:40
result1.xlsx,计划购电量,A114,18:50-19:00,18:40—18:50
result1.xlsx,计划购电量,A115,19:00-19:10,18:50—19:00
result1.xlsx,计划购电量,A116,19:10-19:20,19:00—19:10
result1.xlsx,计划购电量,A117,19:20-19:30,19:10—19:20
result1.xlsx,计划购电量,A118,19:30-19:40,19:20—19:30
result1.xlsx,计划购电量,A119,19:40-19:50,19:30—19:40
result1.xlsx,计划购电量,A120,19:50-20:00,19:40—19:50
result1.xlsx,计划购电量,A121,20:00-20:10,19:50—20:00
result1.xlsx,计划购电量,A122,20:10-20:20,20:00—20:10
result1.xlsx,计划购电量,A123,20:20-20:30,20:10—20:20
result1.xlsx,计划购电量,A124,20:30-20:40,20:20—20:30
result1.xlsx,计划购电量,A125,20:40-20:50,20:30—20:40
result1.xlsx,计划购电量,A126,20:50-21:00,20:40—20:50
result1.xlsx,计划购电量,A127,21:00-21:10,20:50—21:00
result1.xlsx,计划购电量,A128,21:10-21:20,21:00—21:10
result1.xlsx,计划购电量,A129,21:20-21:30,21:10—21:20
result1.xlsx,计划购电量,A130,21:30-21:40,21:20—21:30
result1.xlsx,计划购电量,A131,21:40-21:50,21:30—21:40
result1.xlsx,计划购电量,A132,21:50-22:00,21:40—21:50
result1.xlsx,计划购电量,A133,22:00-22:10,21:50—22:00
result1.xlsx,计划购电量,A134,22:10-22:20,22:00—22:10
result1.xlsx,计划购电量,A135,22:20-22:30,22:10—22:20
result1.xlsx,计划购电量,A136,22:30-22:40,22:20—22:30
result1.xlsx,计划购电量,A137,22:40-22:50,22:30—22:40
result1.xlsx,计划购电量,A138,22:50-23:00,22:40—22:50
result1.xlsx,计划购电量,A139,23:00-23:10,22:50—23:00
result1.xlsx,计划购电量,A140,23:10-23:20,23:00—23:10
result1.xlsx,计划购电量,A141,23:20-23:30,23:10—23:20
result1.xlsx,计划购电量,A142,23:30-23:40,23:20—23:30
result1.xlsx,计划购电量,A143,23:40-23:50,23:30—23:40
result1.xlsx,计划购电量,A144,23:50-0:00+1,23:40—23:50
result1.xlsx,计划购电量,A145,0:00+1-0:10+1,23:50—24:00
result2.xlsx,计划购电量,B1,0:10-0:20,00:00—00:10
result2.xlsx,计划购电量,C1,0:20-0:30,00:10—00:20
result2.xlsx,计划购电量,D1,0:30-0:40,00:20—00:30
result2.xlsx,计划购电量,E1,0:40-0:50,00:30—00:40
result2.xlsx,计划购电量,F1,0:50-1:00,00:40—00:50
result2.xlsx,计划购电量,G1,1:00-1:10,00:50—01:00
result2.xlsx,计划购电量,H1,1:10-1:20,01:00—01:10
result2.xlsx,计划购电量,I1,1:20-1:30,01:10—01:20
result2.xlsx,计划购电量,J1,1:30-1:40,01:20—01:30
result2.xlsx,计划购电量,K1,1:40-1:50,01:30—01:40
result2.xlsx,计划购电量,L1,1:50-2:00,01:40—01:50
result2.xlsx,计划购电量,M1,2:00-2:10,01:50—02:00
result2.xlsx,计划购电量,N1,2:10-2:20,02:00—02:10
result2.xlsx,计划购电量,O1,2:20-2:30,02:10—02:20
result2.xlsx,计划购电量,P1,2:30-2:40,02:20—02:30
result2.xlsx,计划购电量,Q1,2:40-2:50,02:30—02:40
result2.xlsx,计划购电量,R1,2:50-3:00,02:40—02:50
result2.xlsx,计划购电量,S1,3:00-3:10,02:50—03:00
result2.xlsx,计划购电量,T1,3:10-3:20,03:00—03:10
result2.xlsx,计划购电量,U1,3:20-3:30,03:10—03:20
result2.xlsx,计划购电量,V1,3:30-3:40,03:20—03:30
result2.xlsx,计划购电量,W1,3:40-3:50,03:30—03:40
result2.xlsx,计划购电量,X1,3:50-4:00,03:40—03:50
result2.xlsx,计划购电量,Y1,4:00-4:10,03:50—04:00
result2.xlsx,计划购电量,Z1,4:10-4:20,04:00—04:10
result2.xlsx,计划购电量,AA1,4:20-4:30,04:10—04:20
result2.xlsx,计划购电量,AB1,4:30-4:40,04:20—04:30
result2.xlsx,计划购电量,AC1,4:40-4:50,04:30—04:40
result2.xlsx,计划购电量,AD1,4:50-5:00,04:40—04:50
result2.xlsx,计划购电量,AE1,5:00-5:10,04:50—05:00
result2.xlsx,计划购电量,AF1,5:10-5:20,05:00—05:10
result2.xlsx,计划购电量,AG1,5:20-5:30,05:10—05:20
result2.xlsx,计划购电量,AH1,5:30-5:40,05:20—05:30
result2.xlsx,计划购电量,AI1,5:40-5:50,05:30—05:40
result2.xlsx,计划购电量,AJ1,5:50-6:00,05:40—05:50
result2.xlsx,计划购电量,AK1,6:00-6:10,05:50—06:00
result2.xlsx,计划购电量,AL1,6:10-6:20,06:00—06:10
result2.xlsx,计划购电量,AM1,6:20-6:30,06:10—06:20
result2.xlsx,计划购电量,AN1,6:30-6:40,06:20—06:30
result2.xlsx,计划购电量,AO1,6:40-6:50,06:30—06:40
result2.xlsx,计划购电量,AP1,6:50-7:00,06:40—06:50
result2.xlsx,计划购电量,AQ1,7:0-7:10,06:50—07:00
result2.xlsx,计划购电量,AR1,7:10-7:20,07:00—07:10
result2.xlsx,计划购电量,AS1,7:20-7:30,07:10—07:20
result2.xlsx,计划购电量,AT1,7:30-7:40,07:20—07:30
result2.xlsx,计划购电量,AU1,7:40-7:50,07:30—07:40
result2.xlsx,计划购电量,AV1,7:50-8:00,07:40—07:50
result2.xlsx,计划购电量,AW1,8:00-8:10,07:50—08:00
result2.xlsx,计划购电量,AX1,8:10-8:20,08:00—08:10
result2.xlsx,计划购电量,AY1,8:20-8:30,08:10—08:20
result2.xlsx,计划购电量,AZ1,8:30-8:40,08:20—08:30
result2.xlsx,计划购电量,BA1,8:40-8:50,08:30—08:40
result2.xlsx,计划购电量,BB1,8:50-9:00,08:40—08:50
result2.xlsx,计划购电量,BC1,9:00-9:10,08:50—09:00
result2.xlsx,计划购电量,BD1,9:10-9:20,09:00—09:10
result2.xlsx,计划购电量,BE1,9:20-9:30,09:10—09:20
result2.xlsx,计划购电量,BF1,9:30-9:40,09:20—09:30
result2.xlsx,计划购电量,BG1,9:40-9:50,09:30—09:40
result2.xlsx,计划购电量,BH1,9:50-10:00,09:40—09:50
result2.xlsx,计划购电量,BI1,10:00-10:10,09:50—10:00
result2.xlsx,计划购电量,BJ1,10:10-10:20,10:00—10:10
result2.xlsx,计划购电量,BK1,10:20-10:30,10:10—10:20
result2.xlsx,计划购电量,BL1,10:30-10:40,10:20—10:30
result2.xlsx,计划购电量,BM1,10:40-10:50,10:30—10:40
result2.xlsx,计划购电量,BN1,10:50-11:00,10:40—10:50
result2.xlsx,计划购电量,BO1,11:00-11:10,10:50—11:00
result2.xlsx,计划购电量,BP1,11:10-11:20,11:00—11:10
result2.xlsx,计划购电量,BQ1,11:20-11:30,11:10—11:20
result2.xlsx,计划购电量,BR1,11:30-11:40,11:20—11:30
result2.xlsx,计划购电量,BS1,11:40-11:50,11:30—11:40
result2.xlsx,计划购电量,BT1,11:50-12:00,11:40—11:50
result2.xlsx,计划购电量,BU1,12:00-12:10,11:50—12:00
result2.xlsx,计划购电量,BV1,12:10-12:20,12:00—12:10
result2.xlsx,计划购电量,BW1,12:20-12:30,12:10—12:20
result2.xlsx,计划购电量,BX1,12:30-12:40,12:20—12:30
result2.xlsx,计划购电量,BY1,12:40-12:50,12:30—12:40
result2.xlsx,计划购电量,BZ1,12:50-13:00,12:40—12:50
result2.xlsx,计划购电量,CA1,13:00-13:10,12:50—13:00
result2.xlsx,计划购电量,CB1,13:10-13:20,13:00—13:10
result2.xlsx,计划购电量,CC1,13:20-13:30,13:10—13:20
result2.xlsx,计划购电量,CD1,13:30-13:40,13:20—13:30
result2.xlsx,计划购电量,CE1,13:40-13:50,13:30—13:40
result2.xlsx,计划购电量,CF1,13:50-14:00,13:40—13:50
result2.xlsx,计划购电量,CG1,14:00-14:10,13:50—14:00
result2.xlsx,计划购电量,CH1,14:10-14:20,14:00—14:10
result2.xlsx,计划购电量,CI1,14:20-14:30,14:10—14:20
result2.xlsx,计划购电量,CJ1,14:30-14:40,14:20—14:30
result2.xlsx,计划购电量,CK1,14:40-14:50,14:30—14:40
result2.xlsx,计划购电量,CL1,14:50-15:00,14:40—14:50
result2.xlsx,计划购电量,CM1,15:00-15:10,14:50—15:00
result2.xlsx,计划购电量,CN1,15:10-15:20,15:00—15:10
result2.xlsx,计划购电量,CO1,15:20-15:30,15:10—15:20
result2.xlsx,计划购电量,CP1,15:30-15:40,15:20—15:30
result2.xlsx,计划购电量,CQ1,15:40-15:50,15:30—15:40
result2.xlsx,计划购电量,CR1,15:50-16:00,15:40—15:50
result2.xlsx,计划购电量,CS1,16:00-16:10,15:50—16:00
result2.xlsx,计划购电量,CT1,16:10-16:20,16:00—16:10
result2.xlsx,计划购电量,CU1,16:20-16:30,16:10—16:20
result2.xlsx,计划购电量,CV1,16:30-16:40,16:20—16:30
result2.xlsx,计划购电量,CW1,16:40-16:50,16:30—16:40
result2.xlsx,计划购电量,CX1,16:50-17:00,16:40—16:50
result2.xlsx,计划购电量,CY1,17:00-17:10,16:50—17:00
result2.xlsx,计划购电量,CZ1,17:10-17:20,17:00—17:10
result2.xlsx,计划购电量,DA1,17:20-17:30,17:10—17:20
result2.xlsx,计划购电量,DB1,17:30-17:40,17:20—17:30
result2.xlsx,计划购电量,DC1,17:40-17:50,17:30—17:40
result2.xlsx,计划购电量,DD1,17:50-18:00,17:40—17:50
result2.xlsx,计划购电量,DE1,18:00-18:10,17:50—18:00
result2.xlsx,计划购电量,DF1,18:10-18:20,18:00—18:10
result2.xlsx,计划购电量,DG1,18:20-18:30,18:10—18:20
result2.xlsx,计划购电量,DH1,18:30-18:40,18:20—18:30
result2.xlsx,计划购电量,DI1,18:40-18:50,18:30—18:40
result2.xlsx,计划购电量,DJ1,18:50-19:00,18:40—18:50
result2.xlsx,计划购电量,DK1,19:00-19:10,18:50—19:00
result2.xlsx,计划购电量,DL1,19:10-19:20,19:00—19:10
result2.xlsx,计划购电量,DM1,19:20-19:30,19:10—19:20
result2.xlsx,计划购电量,DN1,19:30-19:40,19:20—19:30
result2.xlsx,计划购电量,DO1,19:40-19:50,19:30—19:40
result2.xlsx,计划购电量,DP1,19:50-20:00,19:40—19:50
result2.xlsx,计划购电量,DQ1,20:00-20:10,19:50—20:00
result2.xlsx,计划购电量,DR1,20:10-20:20,20:00—20:10
result2.xlsx,计划购电量,DS1,20:20-20:30,20:10—20:20
result2.xlsx,计划购电量,DT1,20:30-20:40,20:20—20:30
result2.xlsx,计划购电量,DU1,20:40-20:50,20:30—20:40
result2.xlsx,计划购电量,DV1,20:50-21:00,20:40—20:50
result2.xlsx,计划购电量,DW1,21:00-21:10,20:50—21:00
result2.xlsx,计划购电量,DX1,21:10-21:20,21:00—21:10
result2.xlsx,计划购电量,DY1,21:20-21:30,21:10—21:20
result2.xlsx,计划购电量,DZ1,21:30-21:40,21:20—21:30
result2.xlsx,计划购电量,EA1,21:40-21:50,21:30—21:40
result2.xlsx,计划购电量,EB1,21:50-22:00,21:40—21:50
result2.xlsx,计划购电量,EC1,22:00-22:10,21:50—22:00
result2.xlsx,计划购电量,ED1,22:10-22:20,22:00—22:10
result2.xlsx,计划购电量,EE1,22:20-22:30,22:10—22:20
result2.xlsx,计划购电量,EF1,22:30-22:40,22:20—22:30
result2.xlsx,计划购电量,EG1,22:40-22:50,22:30—22:40
result2.xlsx,计划购电量,EH1,22:50-23:00,22:40—22:50
result2.xlsx,计划购电量,EI1,23:00-23:10,22:50—23:00
result2.xlsx,计划购电量,EJ1,23:10-23:20,23:00—23:10
result2.xlsx,计划购电量,EK1,23:20-23:30,23:10—23:20
result2.xlsx,计划购电量,EL1,23:30-23:40,23:20—23:30
result2.xlsx,计划购电量,EM1,23:40-23:50,23:30—23:40
result2.xlsx,计划购电量,EN1,23:50-0:00+1,23:40—23:50
result2.xlsx,计划购电量,EO1,0:00-0:10+1,23:50—24:00
result3.xlsx,计划购电量,B1,0:10-0:20,00:00—00:10
result3.xlsx,计划购电量,C1,0:20-0:30,00:10—00:20
result3.xlsx,计划购电量,D1,0:30-0:40,00:20—00:30
result3.xlsx,计划购电量,E1,0:40-0:50,00:30—00:40
result3.xlsx,计划购电量,F1,0:50-1:00,00:40—00:50
result3.xlsx,计划购电量,G1,1:00-1:10,00:50—01:00
result3.xlsx,计划购电量,H1,1:10-1:20,01:00—01:10
result3.xlsx,计划购电量,I1,1:20-1:30,01:10—01:20
result3.xlsx,计划购电量,J1,1:30-1:40,01:20—01:30
result3.xlsx,计划购电量,K1,1:40-1:50,01:30—01:40
result3.xlsx,计划购电量,L1,1:50-2:00,01:40—01:50
result3.xlsx,计划购电量,M1,2:00-2:10,01:50—02:00
result3.xlsx,计划购电量,N1,2:10-2:20,02:00—02:10
result3.xlsx,计划购电量,O1,2:20-2:30,02:10—02:20
result3.xlsx,计划购电量,P1,2:30-2:40,02:20—02:30
result3.xlsx,计划购电量,Q1,2:40-2:50,02:30—02:40
result3.xlsx,计划购电量,R1,2:50-3:00,02:40—02:50
result3.xlsx,计划购电量,S1,3:00-3:10,02:50—03:00
result3.xlsx,计划购电量,T1,3:10-3:20,03:00—03:10
result3.xlsx,计划购电量,U1,3:20-3:30,03:10—03:20
result3.xlsx,计划购电量,V1,3:30-3:40,03:20—03:30
result3.xlsx,计划购电量,W1,3:40-3:50,03:30—03:40
result3.xlsx,计划购电量,X1,3:50-4:00,03:40—03:50
result3.xlsx,计划购电量,Y1,4:00-4:10,03:50—04:00
result3.xlsx,计划购电量,Z1,4:10-4:20,04:00—04:10
result3.xlsx,计划购电量,AA1,4:20-4:30,04:10—04:20
result3.xlsx,计划购电量,AB1,4:30-4:40,04:20—04:30
result3.xlsx,计划购电量,AC1,4:40-4:50,04:30—04:40
result3.xlsx,计划购电量,AD1,4:50-5:00,04:40—04:50
result3.xlsx,计划购电量,AE1,5:00-5:10,04:50—05:00
result3.xlsx,计划购电量,AF1,5:10-5:20,05:00—05:10
result3.xlsx,计划购电量,AG1,5:20-5:30,05:10—05:20
result3.xlsx,计划购电量,AH1,5:30-5:40,05:20—05:30
result3.xlsx,计划购电量,AI1,5:40-5:50,05:30—05:40
result3.xlsx,计划购电量,AJ1,5:50-6:00,05:40—05:50
result3.xlsx,计划购电量,AK1,6:00-6:10,05:50—06:00
result3.xlsx,计划购电量,AL1,6:10-6:20,06:00—06:10
result3.xlsx,计划购电量,AM1,6:20-6:30,06:10—06:20
result3.xlsx,计划购电量,AN1,6:30-6:40,06:20—06:30
result3.xlsx,计划购电量,AO1,6:40-6:50,06:30—06:40
result3.xlsx,计划购电量,AP1,6:50-7:00,06:40—06:50
result3.xlsx,计划购电量,AQ1,7:0-7:10,06:50—07:00
result3.xlsx,计划购电量,AR1,7:10-7:20,07:00—07:10
result3.xlsx,计划购电量,AS1,7:20-7:30,07:10—07:20
result3.xlsx,计划购电量,AT1,7:30-7:40,07:20—07:30
result3.xlsx,计划购电量,AU1,7:40-7:50,07:30—07:40
result3.xlsx,计划购电量,AV1,7:50-8:00,07:40—07:50
result3.xlsx,计划购电量,AW1,8:00-8:10,07:50—08:00
result3.xlsx,计划购电量,AX1,8:10-8:20,08:00—08:10
result3.xlsx,计划购电量,AY1,8:20-8:30,08:10—08:20
result3.xlsx,计划购电量,AZ1,8:30-8:40,08:20—08:30
result3.xlsx,计划购电量,BA1,8:40-8:50,08:30—08:40
result3.xlsx,计划购电量,BB1,8:50-9:00,08:40—08:50
result3.xlsx,计划购电量,BC1,9:00-9:10,08:50—09:00
result3.xlsx,计划购电量,BD1,9:10-9:20,09:00—09:10
result3.xlsx,计划购电量,BE1,9:20-9:30,09:10—09:20
result3.xlsx,计划购电量,BF1,9:30-9:40,09:20—09:30
result3.xlsx,计划购电量,BG1,9:40-9:50,09:30—09:40
result3.xlsx,计划购电量,BH1,9:50-10:00,09:40—09:50
result3.xlsx,计划购电量,BI1,10:00-10:10,09:50—10:00
result3.xlsx,计划购电量,BJ1,10:10-10:20,10:00—10:10
result3.xlsx,计划购电量,BK1,10:20-10:30,10:10—10:20
result3.xlsx,计划购电量,BL1,10:30-10:40,10:20—10:30
result3.xlsx,计划购电量,BM1,10:40-10:50,10:30—10:40
result3.xlsx,计划购电量,BN1,10:50-11:00,10:40—10:50
result3.xlsx,计划购电量,BO1,11:00-11:10,10:50—11:00
result3.xlsx,计划购电量,BP1,11:10-11:20,11:00—11:10
result3.xlsx,计划购电量,BQ1,11:20-11:30,11:10—11:20
result3.xlsx,计划购电量,BR1,11:30-11:40,11:20—11:30
result3.xlsx,计划购电量,BS1,11:40-11:50,11:30—11:40
result3.xlsx,计划购电量,BT1,11:50-12:00,11:40—11:50
result3.xlsx,计划购电量,BU1,12:00-12:10,11:50—12:00
result3.xlsx,计划购电量,BV1,12:10-12:20,12:00—12:10
result3.xlsx,计划购电量,BW1,12:20-12:30,12:10—12:20
result3.xlsx,计划购电量,BX1,12:30-12:40,12:20—12:30
result3.xlsx,计划购电量,BY1,12:40-12:50,12:30—12:40
result3.xlsx,计划购电量,BZ1,12:50-13:00,12:40—12:50
result3.xlsx,计划购电量,CA1,13:00-13:10,12:50—13:00
result3.xlsx,计划购电量,CB1,13:10-13:20,13:00—13:10
result3.xlsx,计划购电量,CC1,13:20-13:30,13:10—13:20
result3.xlsx,计划购电量,CD1,13:30-13:40,13:20—13:30
result3.xlsx,计划购电量,CE1,13:40-13:50,13:30—13:40
result3.xlsx,计划购电量,CF1,13:50-14:00,13:40—13:50
result3.xlsx,计划购电量,CG1,14:00-14:10,13:50—14:00
result3.xlsx,计划购电量,CH1,14:10-14:20,14:00—14:10
result3.xlsx,计划购电量,CI1,14:20-14:30,14:10—14:20
result3.xlsx,计划购电量,CJ1,14:30-14:40,14:20—14:30
result3.xlsx,计划购电量,CK1,14:40-14:50,14:30—14:40
result3.xlsx,计划购电量,CL1,14:50-15:00,14:40—14:50
result3.xlsx,计划购电量,CM1,15:00-15:10,14:50—15:00
result3.xlsx,计划购电量,CN1,15:10-15:20,15:00—15:10
result3.xlsx,计划购电量,CO1,15:20-15:30,15:10—15:20
result3.xlsx,计划购电量,CP1,15:30-15:40,15:20—15:30
result3.xlsx,计划购电量,CQ1,15:40-15:50,15:30—15:40
result3.xlsx,计划购电量,CR1,15:50-16:00,15:40—15:50
result3.xlsx,计划购电量,CS1,16:00-16:10,15:50—16:00
result3.xlsx,计划购电量,CT1,16:10-16:20,16:00—16:10
result3.xlsx,计划购电量,CU1,16:20-16:30,16:10—16:20
result3.xlsx,计划购电量,CV1,16:30-16:40,16:20—16:30
result3.xlsx,计划购电量,CW1,16:40-16:50,16:30—16:40
result3.xlsx,计划购电量,CX1,16:50-17:00,16:40—16:50
result3.xlsx,计划购电量,CY1,17:00-17:10,16:50—17:00
result3.xlsx,计划购电量,CZ1,17:10-17:20,17:00—17:10
result3.xlsx,计划购电量,DA1,17:20-17:30,17:10—17:20
result3.xlsx,计划购电量,DB1,17:30-17:40,17:20—17:30
result3.xlsx,计划购电量,DC1,17:40-17:50,17:30—17:40
result3.xlsx,计划购电量,DD1,17:50-18:00,17:40—17:50
result3.xlsx,计划购电量,DE1,18:00-18:10,17:50—18:00
result3.xlsx,计划购电量,DF1,18:10-18:20,18:00—18:10
result3.xlsx,计划购电量,DG1,18:20-18:30,18:10—18:20
result3.xlsx,计划购电量,DH1,18:30-18:40,18:20—18:30
result3.xlsx,计划购电量,DI1,18:40-18:50,18:30—18:40
result3.xlsx,计划购电量,DJ1,18:50-19:00,18:40—18:50
result3.xlsx,计划购电量,DK1,19:00-19:10,18:50—19:00
result3.xlsx,计划购电量,DL1,19:10-19:20,19:00—19:10
result3.xlsx,计划购电量,DM1,19:20-19:30,19:10—19:20
result3.xlsx,计划购电量,DN1,19:30-19:40,19:20—19:30
result3.xlsx,计划购电量,DO1,19:40-19:50,19:30—19:40
result3.xlsx,计划购电量,DP1,19:50-20:00,19:40—19:50
result3.xlsx,计划购电量,DQ1,20:00-20:10,19:50—20:00
result3.xlsx,计划购电量,DR1,20:10-20:20,20:00—20:10
result3.xlsx,计划购电量,DS1,20:20-20:30,20:10—20:20
result3.xlsx,计划购电量,DT1,20:30-20:40,20:20—20:30
result3.xlsx,计划购电量,DU1,20:40-20:50,20:30—20:40
result3.xlsx,计划购电量,DV1,20:50-21:00,20:40—20:50
result3.xlsx,计划购电量,DW1,21:00-21:10,20:50—21:00
result3.xlsx,计划购电量,DX1,21:10-21:20,21:00—21:10
result3.xlsx,计划购电量,DY1,21:20-21:30,21:10—21:20
result3.xlsx,计划购电量,DZ1,21:30-21:40,21:20—21:30
result3.xlsx,计划购电量,EA1,21:40-21:50,21:30—21:40
result3.xlsx,计划购电量,EB1,21:50-22:00,21:40—21:50
result3.xlsx,计划购电量,EC1,22:00-22:10,21:50—22:00
result3.xlsx,计划购电量,ED1,22:10-22:20,22:00—22:10
result3.xlsx,计划购电量,EE1,22:20-22:30,22:10—22:20
result3.xlsx,计划购电量,EF1,22:30-22:40,22:20—22:30
result3.xlsx,计划购电量,EG1,22:40-22:50,22:30—22:40
result3.xlsx,计划购电量,EH1,22:50-23:00,22:40—22:50
result3.xlsx,计划购电量,EI1,23:00-23:10,22:50—23:00
result3.xlsx,计划购电量,EJ1,23:10-23:20,23:00—23:10
result3.xlsx,计划购电量,EK1,23:20-23:30,23:10—23:20
result3.xlsx,计划购电量,EL1,23:30-23:40,23:20—23:30
result3.xlsx,计划购电量,EM1,23:40-23:50,23:30—23:40
result3.xlsx,计划购电量,EN1,23:50-0:00+1,23:40—23:50
result3.xlsx,计划购电量,EO1,0:00-0:10+1,23:50—24:00
result3.xlsx,调整购电量,B1,0:10-0:20,00:00—00:10
result3.xlsx,调整购电量,C1,0:20-0:30,00:10—00:20
result3.xlsx,调整购电量,D1,0:30-0:40,00:20—00:30
result3.xlsx,调整购电量,E1,0:40-0:50,00:30—00:40
result3.xlsx,调整购电量,F1,0:50-1:00,00:40—00:50
result3.xlsx,调整购电量,G1,1:00-1:10,00:50—01:00
result3.xlsx,调整购电量,H1,1:10-1:20,01:00—01:10
result3.xlsx,调整购电量,I1,1:20-1:30,01:10—01:20
result3.xlsx,调整购电量,J1,1:30-1:40,01:20—01:30
result3.xlsx,调整购电量,K1,1:40-1:50,01:30—01:40
result3.xlsx,调整购电量,L1,1:50-2:00,01:40—01:50
result3.xlsx,调整购电量,M1,2:00-2:10,01:50—02:00
result3.xlsx,调整购电量,N1,2:10-2:20,02:00—02:10
result3.xlsx,调整购电量,O1,2:20-2:30,02:10—02:20
result3.xlsx,调整购电量,P1,2:30-2:40,02:20—02:30
result3.xlsx,调整购电量,Q1,2:40-2:50,02:30—02:40
result3.xlsx,调整购电量,R1,2:50-3:00,02:40—02:50
result3.xlsx,调整购电量,S1,3:00-3:10,02:50—03:00
result3.xlsx,调整购电量,T1,3:10-3:20,03:00—03:10
result3.xlsx,调整购电量,U1,3:20-3:30,03:10—03:20
result3.xlsx,调整购电量,V1,3:30-3:40,03:20—03:30
result3.xlsx,调整购电量,W1,3:40-3:50,03:30—03:40
result3.xlsx,调整购电量,X1,3:50-4:00,03:40—03:50
result3.xlsx,调整购电量,Y1,4:00-4:10,03:50—04:00
result3.xlsx,调整购电量,Z1,4:10-4:20,04:00—04:10
result3.xlsx,调整购电量,AA1,4:20-4:30,04:10—04:20
result3.xlsx,调整购电量,AB1,4:30-4:40,04:20—04:30
result3.xlsx,调整购电量,AC1,4:40-4:50,04:30—04:40
result3.xlsx,调整购电量,AD1,4:50-5:00,04:40—04:50
result3.xlsx,调整购电量,AE1,5:00-5:10,04:50—05:00
result3.xlsx,调整购电量,AF1,5:10-5:20,05:00—05:10
result3.xlsx,调整购电量,AG1,5:20-5:30,05:10—05:20
result3.xlsx,调整购电量,AH1,5:30-5:40,05:20—05:30
result3.xlsx,调整购电量,AI1,5:40-5:50,05:30—05:40
result3.xlsx,调整购电量,AJ1,5:50-6:00,05:40—05:50
result3.xlsx,调整购电量,AK1,6:00-6:10,05:50—06:00
result3.xlsx,调整购电量,AL1,6:10-6:20,06:00—06:10
result3.xlsx,调整购电量,AM1,6:20-6:30,06:10—06:20
result3.xlsx,调整购电量,AN1,6:30-6:40,06:20—06:30
result3.xlsx,调整购电量,AO1,6:40-6:50,06:30—06:40
result3.xlsx,调整购电量,AP1,6:50-7:00,06:40—06:50
result3.xlsx,调整购电量,AQ1,7:0-7:10,06:50—07:00
result3.xlsx,调整购电量,AR1,7:10-7:20,07:00—07:10
result3.xlsx,调整购电量,AS1,7:20-7:30,07:10—07:20
result3.xlsx,调整购电量,AT1,7:30-7:40,07:20—07:30
result3.xlsx,调整购电量,AU1,7:40-7:50,07:30—07:40
result3.xlsx,调整购电量,AV1,7:50-8:00,07:40—07:50
result3.xlsx,调整购电量,AW1,8:00-8:10,07:50—08:00
result3.xlsx,调整购电量,AX1,8:10-8:20,08:00—08:10
result3.xlsx,调整购电量,AY1,8:20-8:30,08:10—08:20
result3.xlsx,调整购电量,AZ1,8:30-8:40,08:20—08:30
result3.xlsx,调整购电量,BA1,8:40-8:50,08:30—08:40
result3.xlsx,调整购电量,BB1,8:50-9:00,08:40—08:50
result3.xlsx,调整购电量,BC1,9:00-9:10,08:50—09:00
result3.xlsx,调整购电量,BD1,9:10-9:20,09:00—09:10
result3.xlsx,调整购电量,BE1,9:20-9:30,09:10—09:20
result3.xlsx,调整购电量,BF1,9:30-9:40,09:20—09:30
result3.xlsx,调整购电量,BG1,9:40-9:50,09:30—09:40
result3.xlsx,调整购电量,BH1,9:50-10:00,09:40—09:50
result3.xlsx,调整购电量,BI1,10:00-10:10,09:50—10:00
result3.xlsx,调整购电量,BJ1,10:10-10:20,10:00—10:10
result3.xlsx,调整购电量,BK1,10:20-10:30,10:10—10:20
result3.xlsx,调整购电量,BL1,10:30-10:40,10:20—10:30
result3.xlsx,调整购电量,BM1,10:40-10:50,10:30—10:40
result3.xlsx,调整购电量,BN1,10:50-11:00,10:40—10:50
result3.xlsx,调整购电量,BO1,11:00-11:10,10:50—11:00
result3.xlsx,调整购电量,BP1,11:10-11:20,11:00—11:10
result3.xlsx,调整购电量,BQ1,11:20-11:30,11:10—11:20
result3.xlsx,调整购电量,BR1,11:30-11:40,11:20—11:30
result3.xlsx,调整购电量,BS1,11:40-11:50,11:30—11:40
result3.xlsx,调整购电量,BT1,11:50-12:00,11:40—11:50
result3.xlsx,调整购电量,BU1,12:00-12:10,11:50—12:00
result3.xlsx,调整购电量,BV1,12:10-12:20,12:00—12:10
result3.xlsx,调整购电量,BW1,12:20-12:30,12:10—12:20
result3.xlsx,调整购电量,BX1,12:30-12:40,12:20—12:30
result3.xlsx,调整购电量,BY1,12:40-12:50,12:30—12:40
result3.xlsx,调整购电量,BZ1,12:50-13:00,12:40—12:50
result3.xlsx,调整购电量,CA1,13:00-13:10,12:50—13:00
result3.xlsx,调整购电量,CB1,13:10-13:20,13:00—13:10
result3.xlsx,调整购电量,CC1,13:20-13:30,13:10—13:20
result3.xlsx,调整购电量,CD1,13:30-13:40,13:20—13:30
result3.xlsx,调整购电量,CE1,13:40-13:50,13:30—13:40
result3.xlsx,调整购电量,CF1,13:50-14:00,13:40—13:50
result3.xlsx,调整购电量,CG1,14:00-14:10,13:50—14:00
result3.xlsx,调整购电量,CH1,14:10-14:20,14:00—14:10
result3.xlsx,调整购电量,CI1,14:20-14:30,14:10—14:20
result3.xlsx,调整购电量,CJ1,14:30-14:40,14:20—14:30
result3.xlsx,调整购电量,CK1,14:40-14:50,14:30—14:40
result3.xlsx,调整购电量,CL1,14:50-15:00,14:40—14:50
result3.xlsx,调整购电量,CM1,15:00-15:10,14:50—15:00
result3.xlsx,调整购电量,CN1,15:10-15:20,15:00—15:10
result3.xlsx,调整购电量,CO1,15:20-15:30,15:10—15:20
result3.xlsx,调整购电量,CP1,15:30-15:40,15:20—15:30
result3.xlsx,调整购电量,CQ1,15:40-15:50,15:30—15:40
result3.xlsx,调整购电量,CR1,15:50-16:00,15:40—15:50
result3.xlsx,调整购电量,CS1,16:00-16:10,15:50—16:00
result3.xlsx,调整购电量,CT1,16:10-16:20,16:00—16:10
result3.xlsx,调整购电量,CU1,16:20-16:30,16:10—16:20
result3.xlsx,调整购电量,CV1,16:30-16:40,16:20—16:30
result3.xlsx,调整购电量,CW1,16:40-16:50,16:30—16:40
result3.xlsx,调整购电量,CX1,16:50-17:00,16:40—16:50
result3.xlsx,调整购电量,CY1,17:00-17:10,16:50—17:00
result3.xlsx,调整购电量,CZ1,17:10-17:20,17:00—17:10
result3.xlsx,调整购电量,DA1,17:20-17:30,17:10—17:20
result3.xlsx,调整购电量,DB1,17:30-17:40,17:20—17:30
result3.xlsx,调整购电量,DC1,17:40-17:50,17:30—17:40
result3.xlsx,调整购电量,DD1,17:50-18:00,17:40—17:50
result3.xlsx,调整购电量,DE1,18:00-18:10,17:50—18:00
result3.xlsx,调整购电量,DF1,18:10-18:20,18:00—18:10
result3.xlsx,调整购电量,DG1,18:20-18:30,18:10—18:20
result3.xlsx,调整购电量,DH1,18:30-18:40,18:20—18:30
result3.xlsx,调整购电量,DI1,18:40-18:50,18:30—18:40
result3.xlsx,调整购电量,DJ1,18:50-19:00,18:40—18:50
result3.xlsx,调整购电量,DK1,19:00-19:10,18:50—19:00
result3.xlsx,调整购电量,DL1,19:10-19:20,19:00—19:10
result3.xlsx,调整购电量,DM1,19:20-19:30,19:10—19:20
result3.xlsx,调整购电量,DN1,19:30-19:40,19:20—19:30
result3.xlsx,调整购电量,DO1,19:40-19:50,19:30—19:40
result3.xlsx,调整购电量,DP1,19:50-20:00,19:40—19:50
result3.xlsx,调整购电量,DQ1,20:00-20:10,19:50—20:00
result3.xlsx,调整购电量,DR1,20:10-20:20,20:00—20:10
result3.xlsx,调整购电量,DS1,20:20-20:30,20:10—20:20
result3.xlsx,调整购电量,DT1,20:30-20:40,20:20—20:30
result3.xlsx,调整购电量,DU1,20:40-20:50,20:30—20:40
result3.xlsx,调整购电量,DV1,20:50-21:00,20:40—20:50
result3.xlsx,调整购电量,DW1,21:00-21:10,20:50—21:00
result3.xlsx,调整购电量,DX1,21:10-21:20,21:00—21:10
result3.xlsx,调整购电量,DY1,21:20-21:30,21:10—21:20
result3.xlsx,调整购电量,DZ1,21:30-21:40,21:20—21:30
result3.xlsx,调整购电量,EA1,21:40-21:50,21:30—21:40
result3.xlsx,调整购电量,EB1,21:50-22:00,21:40—21:50
result3.xlsx,调整购电量,EC1,22:00-22:10,21:50—22:00
result3.xlsx,调整购电量,ED1,22:10-22:20,22:00—22:10
result3.xlsx,调整购电量,EE1,22:20-22:30,22:10—22:20
result3.xlsx,调整购电量,EF1,22:30-22:40,22:20—22:30
result3.xlsx,调整购电量,EG1,22:40-22:50,22:30—22:40
result3.xlsx,调整购电量,EH1,22:50-23:00,22:40—22:50
result3.xlsx,调整购电量,EI1,23:00-23:10,22:50—23:00
result3.xlsx,调整购电量,EJ1,23:10-23:20,23:00—23:10
result3.xlsx,调整购电量,EK1,23:20-23:30,23:10—23:20
result3.xlsx,调整购电量,EL1,23:30-23:40,23:20—23:30
result3.xlsx,调整购电量,EM1,23:40-23:50,23:30—23:40
result3.xlsx,调整购电量,EN1,23:50-0:00+1,23:40—23:50
result3.xlsx,调整购电量,EO1,0:00-0:10+1,23:50—24:00
result4-2.xlsx,计划购电量,B1,0:10-0:20,00:00—00:10
result4-2.xlsx,计划购电量,C1,0:20-0:30,00:10—00:20
result4-2.xlsx,计划购电量,D1,0:30-0:40,00:20—00:30
result4-2.xlsx,计划购电量,E1,0:40-0:50,00:30—00:40
result4-2.xlsx,计划购电量,F1,0:50-1:00,00:40—00:50
result4-2.xlsx,计划购电量,G1,1:00-1:10,00:50—01:00
result4-2.xlsx,计划购电量,H1,1:10-1:20,01:00—01:10
result4-2.xlsx,计划购电量,I1,1:20-1:30,01:10—01:20
result4-2.xlsx,计划购电量,J1,1:30-1:40,01:20—01:30
result4-2.xlsx,计划购电量,K1,1:40-1:50,01:30—01:40
result4-2.xlsx,计划购电量,L1,1:50-2:00,01:40—01:50
result4-2.xlsx,计划购电量,M1,2:00-2:10,01:50—02:00
result4-2.xlsx,计划购电量,N1,2:10-2:20,02:00—02:10
result4-2.xlsx,计划购电量,O1,2:20-2:30,02:10—02:20
result4-2.xlsx,计划购电量,P1,2:30-2:40,02:20—02:30
result4-2.xlsx,计划购电量,Q1,2:40-2:50,02:30—02:40
result4-2.xlsx,计划购电量,R1,2:50-3:00,02:40—02:50
result4-2.xlsx,计划购电量,S1,3:00-3:10,02:50—03:00
result4-2.xlsx,计划购电量,T1,3:10-3:20,03:00—03:10
result4-2.xlsx,计划购电量,U1,3:20-3:30,03:10—03:20
result4-2.xlsx,计划购电量,V1,3:30-3:40,03:20—03:30
result4-2.xlsx,计划购电量,W1,3:40-3:50,03:30—03:40
result4-2.xlsx,计划购电量,X1,3:50-4:00,03:40—03:50
result4-2.xlsx,计划购电量,Y1,4:00-4:10,03:50—04:00
result4-2.xlsx,计划购电量,Z1,4:10-4:20,04:00—04:10
result4-2.xlsx,计划购电量,AA1,4:20-4:30,04:10—04:20
result4-2.xlsx,计划购电量,AB1,4:30-4:40,04:20—04:30
result4-2.xlsx,计划购电量,AC1,4:40-4:50,04:30—04:40
result4-2.xlsx,计划购电量,AD1,4:50-5:00,04:40—04:50
result4-2.xlsx,计划购电量,AE1,5:00-5:10,04:50—05:00
result4-2.xlsx,计划购电量,AF1,5:10-5:20,05:00—05:10
result4-2.xlsx,计划购电量,AG1,5:20-5:30,05:10—05:20
result4-2.xlsx,计划购电量,AH1,5:30-5:40,05:20—05:30
result4-2.xlsx,计划购电量,AI1,5:40-5:50,05:30—05:40
result4-2.xlsx,计划购电量,AJ1,5:50-6:00,05:40—05:50
result4-2.xlsx,计划购电量,AK1,6:00-6:10,05:50—06:00
result4-2.xlsx,计划购电量,AL1,6:10-6:20,06:00—06:10
result4-2.xlsx,计划购电量,AM1,6:20-6:30,06:10—06:20
result4-2.xlsx,计划购电量,AN1,6:30-6:40,06:20—06:30
result4-2.xlsx,计划购电量,AO1,6:40-6:50,06:30—06:40
result4-2.xlsx,计划购电量,AP1,6:50-7:00,06:40—06:50
result4-2.xlsx,计划购电量,AQ1,7:0-7:10,06:50—07:00
result4-2.xlsx,计划购电量,AR1,7:10-7:20,07:00—07:10
result4-2.xlsx,计划购电量,AS1,7:20-7:30,07:10—07:20
result4-2.xlsx,计划购电量,AT1,7:30-7:40,07:20—07:30
result4-2.xlsx,计划购电量,AU1,7:40-7:50,07:30—07:40
result4-2.xlsx,计划购电量,AV1,7:50-8:00,07:40—07:50
result4-2.xlsx,计划购电量,AW1,8:00-8:10,07:50—08:00
result4-2.xlsx,计划购电量,AX1,8:10-8:20,08:00—08:10
result4-2.xlsx,计划购电量,AY1,8:20-8:30,08:10—08:20
result4-2.xlsx,计划购电量,AZ1,8:30-8:40,08:20—08:30
result4-2.xlsx,计划购电量,BA1,8:40-8:50,08:30—08:40
result4-2.xlsx,计划购电量,BB1,8:50-9:00,08:40—08:50
result4-2.xlsx,计划购电量,BC1,9:00-9:10,08:50—09:00
result4-2.xlsx,计划购电量,BD1,9:10-9:20,09:00—09:10
result4-2.xlsx,计划购电量,BE1,9:20-9:30,09:10—09:20
result4-2.xlsx,计划购电量,BF1,9:30-9:40,09:20—09:30
result4-2.xlsx,计划购电量,BG1,9:40-9:50,09:30—09:40
result4-2.xlsx,计划购电量,BH1,9:50-10:00,09:40—09:50
result4-2.xlsx,计划购电量,BI1,10:00-10:10,09:50—10:00
result4-2.xlsx,计划购电量,BJ1,10:10-10:20,10:00—10:10
result4-2.xlsx,计划购电量,BK1,10:20-10:30,10:10—10:20
result4-2.xlsx,计划购电量,BL1,10:30-10:40,10:20—10:30
result4-2.xlsx,计划购电量,BM1,10:40-10:50,10:30—10:40
result4-2.xlsx,计划购电量,BN1,10:50-11:00,10:40—10:50
result4-2.xlsx,计划购电量,BO1,11:00-11:10,10:50—11:00
result4-2.xlsx,计划购电量,BP1,11:10-11:20,11:00—11:10
result4-2.xlsx,计划购电量,BQ1,11:20-11:30,11:10—11:20
result4-2.xlsx,计划购电量,BR1,11:30-11:40,11:20—11:30
result4-2.xlsx,计划购电量,BS1,11:40-11:50,11:30—11:40
result4-2.xlsx,计划购电量,BT1,11:50-12:00,11:40—11:50
result4-2.xlsx,计划购电量,BU1,12:00-12:10,11:50—12:00
result4-2.xlsx,计划购电量,BV1,12:10-12:20,12:00—12:10
result4-2.xlsx,计划购电量,BW1,12:20-12:30,12:10—12:20
result4-2.xlsx,计划购电量,BX1,12:30-12:40,12:20—12:30
result4-2.xlsx,计划购电量,BY1,12:40-12:50,12:30—12:40
result4-2.xlsx,计划购电量,BZ1,12:50-13:00,12:40—12:50
result4-2.xlsx,计划购电量,CA1,13:00-13:10,12:50—13:00
result4-2.xlsx,计划购电量,CB1,13:10-13:20,13:00—13:10
result4-2.xlsx,计划购电量,CC1,13:20-13:30,13:10—13:20
result4-2.xlsx,计划购电量,CD1,13:30-13:40,13:20—13:30
result4-2.xlsx,计划购电量,CE1,13:40-13:50,13:30—13:40
result4-2.xlsx,计划购电量,CF1,13:50-14:00,13:40—13:50
result4-2.xlsx,计划购电量,CG1,14:00-14:10,13:50—14:00
result4-2.xlsx,计划购电量,CH1,14:10-14:20,14:00—14:10
result4-2.xlsx,计划购电量,CI1,14:20-14:30,14:10—14:20
result4-2.xlsx,计划购电量,CJ1,14:30-14:40,14:20—14:30
result4-2.xlsx,计划购电量,CK1,14:40-14:50,14:30—14:40
result4-2.xlsx,计划购电量,CL1,14:50-15:00,14:40—14:50
result4-2.xlsx,计划购电量,CM1,15:00-15:10,14:50—15:00
result4-2.xlsx,计划购电量,CN1,15:10-15:20,15:00—15:10
result4-2.xlsx,计划购电量,CO1,15:20-15:30,15:10—15:20
result4-2.xlsx,计划购电量,CP1,15:30-15:40,15:20—15:30
result4-2.xlsx,计划购电量,CQ1,15:40-15:50,15:30—15:40
result4-2.xlsx,计划购电量,CR1,15:50-16:00,15:40—15:50
result4-2.xlsx,计划购电量,CS1,16:00-16:10,15:50—16:00
result4-2.xlsx,计划购电量,CT1,16:10-16:20,16:00—16:10
result4-2.xlsx,计划购电量,CU1,16:20-16:30,16:10—16:20
result4-2.xlsx,计划购电量,CV1,16:30-16:40,16:20—16:30
result4-2.xlsx,计划购电量,CW1,16:40-16:50,16:30—16:40
result4-2.xlsx,计划购电量,CX1,16:50-17:00,16:40—16:50
result4-2.xlsx,计划购电量,CY1,17:00-17:10,16:50—17:00
result4-2.xlsx,计划购电量,CZ1,17:10-17:20,17:00—17:10
result4-2.xlsx,计划购电量,DA1,17:20-17:30,17:10—17:20
result4-2.xlsx,计划购电量,DB1,17:30-17:40,17:20—17:30
result4-2.xlsx,计划购电量,DC1,17:40-17:50,17:30—17:40
result4-2.xlsx,计划购电量,DD1,17:50-18:00,17:40—17:50
result4-2.xlsx,计划购电量,DE1,18:00-18:10,17:50—18:00
result4-2.xlsx,计划购电量,DF1,18:10-18:20,18:00—18:10
result4-2.xlsx,计划购电量,DG1,18:20-18:30,18:10—18:20
result4-2.xlsx,计划购电量,DH1,18:30-18:40,18:20—18:30
result4-2.xlsx,计划购电量,DI1,18:40-18:50,18:30—18:40
result4-2.xlsx,计划购电量,DJ1,18:50-19:00,18:40—18:50
result4-2.xlsx,计划购电量,DK1,19:00-19:10,18:50—19:00
result4-2.xlsx,计划购电量,DL1,19:10-19:20,19:00—19:10
result4-2.xlsx,计划购电量,DM1,19:20-19:30,19:10—19:20
result4-2.xlsx,计划购电量,DN1,19:30-19:40,19:20—19:30
result4-2.xlsx,计划购电量,DO1,19:40-19:50,19:30—19:40
result4-2.xlsx,计划购电量,DP1,19:50-20:00,19:40—19:50
result4-2.xlsx,计划购电量,DQ1,20:00-20:10,19:50—20:00
result4-2.xlsx,计划购电量,DR1,20:10-20:20,20:00—20:10
result4-2.xlsx,计划购电量,DS1,20:20-20:30,20:10—20:20
result4-2.xlsx,计划购电量,DT1,20:30-20:40,20:20—20:30
result4-2.xlsx,计划购电量,DU1,20:40-20:50,20:30—20:40
result4-2.xlsx,计划购电量,DV1,20:50-21:00,20:40—20:50
result4-2.xlsx,计划购电量,DW1,21:00-21:10,20:50—21:00
result4-2.xlsx,计划购电量,DX1,21:10-21:20,21:00—21:10
result4-2.xlsx,计划购电量,DY1,21:20-21:30,21:10—21:20
result4-2.xlsx,计划购电量,DZ1,21:30-21:40,21:20—21:30
result4-2.xlsx,计划购电量,EA1,21:40-21:50,21:30—21:40
result4-2.xlsx,计划购电量,EB1,21:50-22:00,21:40—21:50
result4-2.xlsx,计划购电量,EC1,22:00-22:10,21:50—22:00
result4-2.xlsx,计划购电量,ED1,22:10-22:20,22:00—22:10
result4-2.xlsx,计划购电量,EE1,22:20-22:30,22:10—22:20
result4-2.xlsx,计划购电量,EF1,22:30-22:40,22:20—22:30
result4-2.xlsx,计划购电量,EG1,22:40-22:50,22:30—22:40
result4-2.xlsx,计划购电量,EH1,22:50-23:00,22:40—22:50
result4-2.xlsx,计划购电量,EI1,23:00-23:10,22:50—23:00
result4-2.xlsx,计划购电量,EJ1,23:10-23:20,23:00—23:10
result4-2.xlsx,计划购电量,EK1,23:20-23:30,23:10—23:20
result4-2.xlsx,计划购电量,EL1,23:30-23:40,23:20—23:30
result4-2.xlsx,计划购电量,EM1,23:40-23:50,23:30—23:40
result4-2.xlsx,计划购电量,EN1,23:50-0:00+1,23:40—23:50
result4-2.xlsx,计划购电量,EO1,0:00-0:10+1,23:50—24:00
result4-3.xlsx,计划购电量,B1,0:10-0:20,00:00—00:10
result4-3.xlsx,计划购电量,C1,0:20-0:30,00:10—00:20
result4-3.xlsx,计划购电量,D1,0:30-0:40,00:20—00:30
result4-3.xlsx,计划购电量,E1,0:40-0:50,00:30—00:40
result4-3.xlsx,计划购电量,F1,0:50-1:00,00:40—00:50
result4-3.xlsx,计划购电量,G1,1:00-1:10,00:50—01:00
result4-3.xlsx,计划购电量,H1,1:10-1:20,01:00—01:10
result4-3.xlsx,计划购电量,I1,1:20-1:30,01:10—01:20
result4-3.xlsx,计划购电量,J1,1:30-1:40,01:20—01:30
result4-3.xlsx,计划购电量,K1,1:40-1:50,01:30—01:40
result4-3.xlsx,计划购电量,L1,1:50-2:00,01:40—01:50
result4-3.xlsx,计划购电量,M1,2:00-2:10,01:50—02:00
result4-3.xlsx,计划购电量,N1,2:10-2:20,02:00—02:10
result4-3.xlsx,计划购电量,O1,2:20-2:30,02:10—02:20
result4-3.xlsx,计划购电量,P1,2:30-2:40,02:20—02:30
result4-3.xlsx,计划购电量,Q1,2:40-2:50,02:30—02:40
result4-3.xlsx,计划购电量,R1,2:50-3:00,02:40—02:50
result4-3.xlsx,计划购电量,S1,3:00-3:10,02:50—03:00
result4-3.xlsx,计划购电量,T1,3:10-3:20,03:00—03:10
result4-3.xlsx,计划购电量,U1,3:20-3:30,03:10—03:20
result4-3.xlsx,计划购电量,V1,3:30-3:40,03:20—03:30
result4-3.xlsx,计划购电量,W1,3:40-3:50,03:30—03:40
result4-3.xlsx,计划购电量,X1,3:50-4:00,03:40—03:50
result4-3.xlsx,计划购电量,Y1,4:00-4:10,03:50—04:00
result4-3.xlsx,计划购电量,Z1,4:10-4:20,04:00—04:10
result4-3.xlsx,计划购电量,AA1,4:20-4:30,04:10—04:20
result4-3.xlsx,计划购电量,AB1,4:30-4:40,04:20—04:30
result4-3.xlsx,计划购电量,AC1,4:40-4:50,04:30—04:40
result4-3.xlsx,计划购电量,AD1,4:50-5:00,04:40—04:50
result4-3.xlsx,计划购电量,AE1,5:00-5:10,04:50—05:00
result4-3.xlsx,计划购电量,AF1,5:10-5:20,05:00—05:10
result4-3.xlsx,计划购电量,AG1,5:20-5:30,05:10—05:20
result4-3.xlsx,计划购电量,AH1,5:30-5:40,05:20—05:30
result4-3.xlsx,计划购电量,AI1,5:40-5:50,05:30—05:40
result4-3.xlsx,计划购电量,AJ1,5:50-6:00,05:40—05:50
result4-3.xlsx,计划购电量,AK1,6:00-6:10,05:50—06:00
result4-3.xlsx,计划购电量,AL1,6:10-6:20,06:00—06:10
result4-3.xlsx,计划购电量,AM1,6:20-6:30,06:10—06:20
result4-3.xlsx,计划购电量,AN1,6:30-6:40,06:20—06:30
result4-3.xlsx,计划购电量,AO1,6:40-6:50,06:30—06:40
result4-3.xlsx,计划购电量,AP1,6:50-7:00,06:40—06:50
result4-3.xlsx,计划购电量,AQ1,7:0-7:10,06:50—07:00
result4-3.xlsx,计划购电量,AR1,7:10-7:20,07:00—07:10
result4-3.xlsx,计划购电量,AS1,7:20-7:30,07:10—07:20
result4-3.xlsx,计划购电量,AT1,7:30-7:40,07:20—07:30
result4-3.xlsx,计划购电量,AU1,7:40-7:50,07:30—07:40
result4-3.xlsx,计划购电量,AV1,7:50-8:00,07:40—07:50
result4-3.xlsx,计划购电量,AW1,8:00-8:10,07:50—08:00
result4-3.xlsx,计划购电量,AX1,8:10-8:20,08:00—08:10
result4-3.xlsx,计划购电量,AY1,8:20-8:30,08:10—08:20
result4-3.xlsx,计划购电量,AZ1,8:30-8:40,08:20—08:30
result4-3.xlsx,计划购电量,BA1,8:40-8:50,08:30—08:40
result4-3.xlsx,计划购电量,BB1,8:50-9:00,08:40—08:50
result4-3.xlsx,计划购电量,BC1,9:00-9:10,08:50—09:00
result4-3.xlsx,计划购电量,BD1,9:10-9:20,09:00—09:10
result4-3.xlsx,计划购电量,BE1,9:20-9:30,09:10—09:20
result4-3.xlsx,计划购电量,BF1,9:30-9:40,09:20—09:30
result4-3.xlsx,计划购电量,BG1,9:40-9:50,09:30—09:40
result4-3.xlsx,计划购电量,BH1,9:50-10:00,09:40—09:50
result4-3.xlsx,计划购电量,BI1,10:00-10:10,09:50—10:00
result4-3.xlsx,计划购电量,BJ1,10:10-10:20,10:00—10:10
result4-3.xlsx,计划购电量,BK1,10:20-10:30,10:10—10:20
result4-3.xlsx,计划购电量,BL1,10:30-10:40,10:20—10:30
result4-3.xlsx,计划购电量,BM1,10:40-10:50,10:30—10:40
result4-3.xlsx,计划购电量,BN1,10:50-11:00,10:40—10:50
result4-3.xlsx,计划购电量,BO1,11:00-11:10,10:50—11:00
result4-3.xlsx,计划购电量,BP1,11:10-11:20,11:00—11:10
result4-3.xlsx,计划购电量,BQ1,11:20-11:30,11:10—11:20
result4-3.xlsx,计划购电量,BR1,11:30-11:40,11:20—11:30
result4-3.xlsx,计划购电量,BS1,11:40-11:50,11:30—11:40
result4-3.xlsx,计划购电量,BT1,11:50-12:00,11:40—11:50
result4-3.xlsx,计划购电量,BU1,12:00-12:10,11:50—12:00
result4-3.xlsx,计划购电量,BV1,12:10-12:20,12:00—12:10
result4-3.xlsx,计划购电量,BW1,12:20-12:30,12:10—12:20
result4-3.xlsx,计划购电量,BX1,12:30-12:40,12:20—12:30
result4-3.xlsx,计划购电量,BY1,12:40-12:50,12:30—12:40
result4-3.xlsx,计划购电量,BZ1,12:50-13:00,12:40—12:50
result4-3.xlsx,计划购电量,CA1,13:00-13:10,12:50—13:00
result4-3.xlsx,计划购电量,CB1,13:10-13:20,13:00—13:10
result4-3.xlsx,计划购电量,CC1,13:20-13:30,13:10—13:20
result4-3.xlsx,计划购电量,CD1,13:30-13:40,13:20—13:30
result4-3.xlsx,计划购电量,CE1,13:40-13:50,13:30—13:40
result4-3.xlsx,计划购电量,CF1,13:50-14:00,13:40—13:50
result4-3.xlsx,计划购电量,CG1,14:00-14:10,13:50—14:00
result4-3.xlsx,计划购电量,CH1,14:10-14:20,14:00—14:10
result4-3.xlsx,计划购电量,CI1,14:20-14:30,14:10—14:20
result4-3.xlsx,计划购电量,CJ1,14:30-14:40,14:20—14:30
result4-3.xlsx,计划购电量,CK1,14:40-14:50,14:30—14:40
result4-3.xlsx,计划购电量,CL1,14:50-15:00,14:40—14:50
result4-3.xlsx,计划购电量,CM1,15:00-15:10,14:50—15:00
result4-3.xlsx,计划购电量,CN1,15:10-15:20,15:00—15:10
result4-3.xlsx,计划购电量,CO1,15:20-15:30,15:10—15:20
result4-3.xlsx,计划购电量,CP1,15:30-15:40,15:20—15:30
result4-3.xlsx,计划购电量,CQ1,15:40-15:50,15:30—15:40
result4-3.xlsx,计划购电量,CR1,15:50-16:00,15:40—15:50
result4-3.xlsx,计划购电量,CS1,16:00-16:10,15:50—16:00
result4-3.xlsx,计划购电量,CT1,16:10-16:20,16:00—16:10
result4-3.xlsx,计划购电量,CU1,16:20-16:30,16:10—16:20
result4-3.xlsx,计划购电量,CV1,16:30-16:40,16:20—16:30
result4-3.xlsx,计划购电量,CW1,16:40-16:50,16:30—16:40
result4-3.xlsx,计划购电量,CX1,16:50-17:00,16:40—16:50
result4-3.xlsx,计划购电量,CY1,17:00-17:10,16:50—17:00
result4-3.xlsx,计划购电量,CZ1,17:10-17:20,17:00—17:10
result4-3.xlsx,计划购电量,DA1,17:20-17:30,17:10—17:20
result4-3.xlsx,计划购电量,DB1,17:30-17:40,17:20—17:30
result4-3.xlsx,计划购电量,DC1,17:40-17:50,17:30—17:40
result4-3.xlsx,计划购电量,DD1,17:50-18:00,17:40—17:50
result4-3.xlsx,计划购电量,DE1,18:00-18:10,17:50—18:00
result4-3.xlsx,计划购电量,DF1,18:10-18:20,18:00—18:10
result4-3.xlsx,计划购电量,DG1,18:20-18:30,18:10—18:20
result4-3.xlsx,计划购电量,DH1,18:30-18:40,18:20—18:30
result4-3.xlsx,计划购电量,DI1,18:40-18:50,18:30—18:40
result4-3.xlsx,计划购电量,DJ1,18:50-19:00,18:40—18:50
result4-3.xlsx,计划购电量,DK1,19:00-19:10,18:50—19:00
result4-3.xlsx,计划购电量,DL1,19:10-19:20,19:00—19:10
result4-3.xlsx,计划购电量,DM1,19:20-19:30,19:10—19:20
result4-3.xlsx,计划购电量,DN1,19:30-19:40,19:20—19:30
result4-3.xlsx,计划购电量,DO1,19:40-19:50,19:30—19:40
result4-3.xlsx,计划购电量,DP1,19:50-20:00,19:40—19:50
result4-3.xlsx,计划购电量,DQ1,20:00-20:10,19:50—20:00
result4-3.xlsx,计划购电量,DR1,20:10-20:20,20:00—20:10
result4-3.xlsx,计划购电量,DS1,20:20-20:30,20:10—20:20
result4-3.xlsx,计划购电量,DT1,20:30-20:40,20:20—20:30
result4-3.xlsx,计划购电量,DU1,20:40-20:50,20:30—20:40
result4-3.xlsx,计划购电量,DV1,20:50-21:00,20:40—20:50
result4-3.xlsx,计划购电量,DW1,21:00-21:10,20:50—21:00
result4-3.xlsx,计划购电量,DX1,21:10-21:20,21:00—21:10
result4-3.xlsx,计划购电量,DY1,21:20-21:30,21:10—21:20
result4-3.xlsx,计划购电量,DZ1,21:30-21:40,21:20—21:30
result4-3.xlsx,计划购电量,EA1,21:40-21:50,21:30—21:40
result4-3.xlsx,计划购电量,EB1,21:50-22:00,21:40—21:50
result4-3.xlsx,计划购电量,EC1,22:00-22:10,21:50—22:00
result4-3.xlsx,计划购电量,ED1,22:10-22:20,22:00—22:10
result4-3.xlsx,计划购电量,EE1,22:20-22:30,22:10—22:20
result4-3.xlsx,计划购电量,EF1,22:30-22:40,22:20—22:30
result4-3.xlsx,计划购电量,EG1,22:40-22:50,22:30—22:40
result4-3.xlsx,计划购电量,EH1,22:50-23:00,22:40—22:50
result4-3.xlsx,计划购电量,EI1,23:00-23:10,22:50—23:00
result4-3.xlsx,计划购电量,EJ1,23:10-23:20,23:00—23:10
result4-3.xlsx,计划购电量,EK1,23:20-23:30,23:10—23:20
result4-3.xlsx,计划购电量,EL1,23:30-23:40,23:20—23:30
result4-3.xlsx,计划购电量,EM1,23:40-23:50,23:30—23:40
result4-3.xlsx,计划购电量,EN1,23:50-0:00+1,23:40—23:50
result4-3.xlsx,计划购电量,EO1,0:00-0:10+1,23:50—24:00
result4-3.xlsx,调整购电量,B1,0:10-0:20,00:00—00:10
result4-3.xlsx,调整购电量,C1,0:20-0:30,00:10—00:20
result4-3.xlsx,调整购电量,D1,0:30-0:40,00:20—00:30
result4-3.xlsx,调整购电量,E1,0:40-0:50,00:30—00:40
result4-3.xlsx,调整购电量,F1,0:50-1:00,00:40—00:50
result4-3.xlsx,调整购电量,G1,1:00-1:10,00:50—01:00
result4-3.xlsx,调整购电量,H1,1:10-1:20,01:00—01:10
result4-3.xlsx,调整购电量,I1,1:20-1:30,01:10—01:20
result4-3.xlsx,调整购电量,J1,1:30-1:40,01:20—01:30
result4-3.xlsx,调整购电量,K1,1:40-1:50,01:30—01:40
result4-3.xlsx,调整购电量,L1,1:50-2:00,01:40—01:50
result4-3.xlsx,调整购电量,M1,2:00-2:10,01:50—02:00
result4-3.xlsx,调整购电量,N1,2:10-2:20,02:00—02:10
result4-3.xlsx,调整购电量,O1,2:20-2:30,02:10—02:20
result4-3.xlsx,调整购电量,P1,2:30-2:40,02:20—02:30
result4-3.xlsx,调整购电量,Q1,2:40-2:50,02:30—02:40
result4-3.xlsx,调整购电量,R1,2:50-3:00,02:40—02:50
result4-3.xlsx,调整购电量,S1,3:00-3:10,02:50—03:00
result4-3.xlsx,调整购电量,T1,3:10-3:20,03:00—03:10
result4-3.xlsx,调整购电量,U1,3:20-3:30,03:10—03:20
result4-3.xlsx,调整购电量,V1,3:30-3:40,03:20—03:30
result4-3.xlsx,调整购电量,W1,3:40-3:50,03:30—03:40
result4-3.xlsx,调整购电量,X1,3:50-4:00,03:40—03:50
result4-3.xlsx,调整购电量,Y1,4:00-4:10,03:50—04:00
result4-3.xlsx,调整购电量,Z1,4:10-4:20,04:00—04:10
result4-3.xlsx,调整购电量,AA1,4:20-4:30,04:10—04:20
result4-3.xlsx,调整购电量,AB1,4:30-4:40,04:20—04:30
result4-3.xlsx,调整购电量,AC1,4:40-4:50,04:30—04:40
result4-3.xlsx,调整购电量,AD1,4:50-5:00,04:40—04:50
result4-3.xlsx,调整购电量,AE1,5:00-5:10,04:50—05:00
result4-3.xlsx,调整购电量,AF1,5:10-5:20,05:00—05:10
result4-3.xlsx,调整购电量,AG1,5:20-5:30,05:10—05:20
result4-3.xlsx,调整购电量,AH1,5:30-5:40,05:20—05:30
result4-3.xlsx,调整购电量,AI1,5:40-5:50,05:30—05:40
result4-3.xlsx,调整购电量,AJ1,5:50-6:00,05:40—05:50
result4-3.xlsx,调整购电量,AK1,6:00-6:10,05:50—06:00
result4-3.xlsx,调整购电量,AL1,6:10-6:20,06:00—06:10
result4-3.xlsx,调整购电量,AM1,6:20-6:30,06:10—06:20
result4-3.xlsx,调整购电量,AN1,6:30-6:40,06:20—06:30
result4-3.xlsx,调整购电量,AO1,6:40-6:50,06:30—06:40
result4-3.xlsx,调整购电量,AP1,6:50-7:00,06:40—06:50
result4-3.xlsx,调整购电量,AQ1,7:0-7:10,06:50—07:00
result4-3.xlsx,调整购电量,AR1,7:10-7:20,07:00—07:10
result4-3.xlsx,调整购电量,AS1,7:20-7:30,07:10—07:20
result4-3.xlsx,调整购电量,AT1,7:30-7:40,07:20—07:30
result4-3.xlsx,调整购电量,AU1,7:40-7:50,07:30—07:40
result4-3.xlsx,调整购电量,AV1,7:50-8:00,07:40—07:50
result4-3.xlsx,调整购电量,AW1,8:00-8:10,07:50—08:00
result4-3.xlsx,调整购电量,AX1,8:10-8:20,08:00—08:10
result4-3.xlsx,调整购电量,AY1,8:20-8:30,08:10—08:20
result4-3.xlsx,调整购电量,AZ1,8:30-8:40,08:20—08:30
result4-3.xlsx,调整购电量,BA1,8:40-8:50,08:30—08:40
result4-3.xlsx,调整购电量,BB1,8:50-9:00,08:40—08:50
result4-3.xlsx,调整购电量,BC1,9:00-9:10,08:50—09:00
result4-3.xlsx,调整购电量,BD1,9:10-9:20,09:00—09:10
result4-3.xlsx,调整购电量,BE1,9:20-9:30,09:10—09:20
result4-3.xlsx,调整购电量,BF1,9:30-9:40,09:20—09:30
result4-3.xlsx,调整购电量,BG1,9:40-9:50,09:30—09:40
result4-3.xlsx,调整购电量,BH1,9:50-10:00,09:40—09:50
result4-3.xlsx,调整购电量,BI1,10:00-10:10,09:50—10:00
result4-3.xlsx,调整购电量,BJ1,10:10-10:20,10:00—10:10
result4-3.xlsx,调整购电量,BK1,10:20-10:30,10:10—10:20
result4-3.xlsx,调整购电量,BL1,10:30-10:40,10:20—10:30
result4-3.xlsx,调整购电量,BM1,10:40-10:50,10:30—10:40
result4-3.xlsx,调整购电量,BN1,10:50-11:00,10:40—10:50
result4-3.xlsx,调整购电量,BO1,11:00-11:10,10:50—11:00
result4-3.xlsx,调整购电量,BP1,11:10-11:20,11:00—11:10
result4-3.xlsx,调整购电量,BQ1,11:20-11:30,11:10—11:20
result4-3.xlsx,调整购电量,BR1,11:30-11:40,11:20—11:30
result4-3.xlsx,调整购电量,BS1,11:40-11:50,11:30—11:40
result4-3.xlsx,调整购电量,BT1,11:50-12:00,11:40—11:50
result4-3.xlsx,调整购电量,BU1,12:00-12:10,11:50—12:00
result4-3.xlsx,调整购电量,BV1,12:10-12:20,12:00—12:10
result4-3.xlsx,调整购电量,BW1,12:20-12:30,12:10—12:20
result4-3.xlsx,调整购电量,BX1,12:30-12:40,12:20—12:30
result4-3.xlsx,调整购电量,BY1,12:40-12:50,12:30—12:40
result4-3.xlsx,调整购电量,BZ1,12:50-13:00,12:40—12:50
result4-3.xlsx,调整购电量,CA1,13:00-13:10,12:50—13:00
result4-3.xlsx,调整购电量,CB1,13:10-13:20,13:00—13:10
result4-3.xlsx,调整购电量,CC1,13:20-13:30,13:10—13:20
result4-3.xlsx,调整购电量,CD1,13:30-13:40,13:20—13:30
result4-3.xlsx,调整购电量,CE1,13:40-13:50,13:30—13:40
result4-3.xlsx,调整购电量,CF1,13:50-14:00,13:40—13:50
result4-3.xlsx,调整购电量,CG1,14:00-14:10,13:50—14:00
result4-3.xlsx,调整购电量,CH1,14:10-14:20,14:00—14:10
result4-3.xlsx,调整购电量,CI1,14:20-14:30,14:10—14:20
result4-3.xlsx,调整购电量,CJ1,14:30-14:40,14:20—14:30
result4-3.xlsx,调整购电量,CK1,14:40-14:50,14:30—14:40
result4-3.xlsx,调整购电量,CL1,14:50-15:00,14:40—14:50
result4-3.xlsx,调整购电量,CM1,15:00-15:10,14:50—15:00
result4-3.xlsx,调整购电量,CN1,15:10-15:20,15:00—15:10
result4-3.xlsx,调整购电量,CO1,15:20-15:30,15:10—15:20
result4-3.xlsx,调整购电量,CP1,15:30-15:40,15:20—15:30
result4-3.xlsx,调整购电量,CQ1,15:40-15:50,15:30—15:40
result4-3.xlsx,调整购电量,CR1,15:50-16:00,15:40—15:50
result4-3.xlsx,调整购电量,CS1,16:00-16:10,15:50—16:00
result4-3.xlsx,调整购电量,CT1,16:10-16:20,16:00—16:10
result4-3.xlsx,调整购电量,CU1,16:20-16:30,16:10—16:20
result4-3.xlsx,调整购电量,CV1,16:30-16:40,16:20—16:30
result4-3.xlsx,调整购电量,CW1,16:40-16:50,16:30—16:40
result4-3.xlsx,调整购电量,CX1,16:50-17:00,16:40—16:50
result4-3.xlsx,调整购电量,CY1,17:00-17:10,16:50—17:00
result4-3.xlsx,调整购电量,CZ1,17:10-17:20,17:00—17:10
result4-3.xlsx,调整购电量,DA1,17:20-17:30,17:10—17:20
result4-3.xlsx,调整购电量,DB1,17:30-17:40,17:20—17:30
result4-3.xlsx,调整购电量,DC1,17:40-17:50,17:30—17:40
result4-3.xlsx,调整购电量,DD1,17:50-18:00,17:40—17:50
result4-3.xlsx,调整购电量,DE1,18:00-18:10,17:50—18:00
result4-3.xlsx,调整购电量,DF1,18:10-18:20,18:00—18:10
result4-3.xlsx,调整购电量,DG1,18:20-18:30,18:10—18:20
result4-3.xlsx,调整购电量,DH1,18:30-18:40,18:20—18:30
result4-3.xlsx,调整购电量,DI1,18:40-18:50,18:30—18:40
result4-3.xlsx,调整购电量,DJ1,18:50-19:00,18:40—18:50
result4-3.xlsx,调整购电量,DK1,19:00-19:10,18:50—19:00
result4-3.xlsx,调整购电量,DL1,19:10-19:20,19:00—19:10
result4-3.xlsx,调整购电量,DM1,19:20-19:30,19:10—19:20
result4-3.xlsx,调整购电量,DN1,19:30-19:40,19:20—19:30
result4-3.xlsx,调整购电量,DO1,19:40-19:50,19:30—19:40
result4-3.xlsx,调整购电量,DP1,19:50-20:00,19:40—19:50
result4-3.xlsx,调整购电量,DQ1,20:00-20:10,19:50—20:00
result4-3.xlsx,调整购电量,DR1,20:10-20:20,20:00—20:10
result4-3.xlsx,调整购电量,DS1,20:20-20:30,20:10—20:20
result4-3.xlsx,调整购电量,DT1,20:30-20:40,20:20—20:30
result4-3.xlsx,调整购电量,DU1,20:40-20:50,20:30—20:40
result4-3.xlsx,调整购电量,DV1,20:50-21:00,20:40—20:50
result4-3.xlsx,调整购电量,DW1,21:00-21:10,20:50—21:00
result4-3.xlsx,调整购电量,DX1,21:10-21:20,21:00—21:10
result4-3.xlsx,调整购电量,DY1,21:20-21:30,21:10—21:20
result4-3.xlsx,调整购电量,DZ1,21:30-21:40,21:20—21:30
result4-3.xlsx,调整购电量,EA1,21:40-21:50,21:30—21:40
result4-3.xlsx,调整购电量,EB1,21:50-22:00,21:40—21:50
result4-3.xlsx,调整购电量,EC1,22:00-22:10,21:50—22:00
result4-3.xlsx,调整购电量,ED1,22:10-22:20,22:00—22:10
result4-3.xlsx,调整购电量,EE1,22:20-22:30,22:10—22:20
result4-3.xlsx,调整购电量,EF1,22:30-22:40,22:20—22:30
result4-3.xlsx,调整购电量,EG1,22:40-22:50,22:30—22:40
result4-3.xlsx,调整购电量,EH1,22:50-23:00,22:40—22:50
result4-3.xlsx,调整购电量,EI1,23:00-23:10,22:50—23:00
result4-3.xlsx,调整购电量,EJ1,23:10-23:20,23:00—23:10
result4-3.xlsx,调整购电量,EK1,23:20-23:30,23:10—23:20
result4-3.xlsx,调整购电量,EL1,23:30-23:40,23:20—23:30
result4-3.xlsx,调整购电量,EM1,23:40-23:50,23:30—23:40
result4-3.xlsx,调整购电量,EN1,23:50-0:00+1,23:40—23:50
result4-3.xlsx,调整购电量,EO1,0:00-0:10+1,23:50—24:00
