date,plan_energy_kwh,used_plan_energy_kwh,emergency_energy_kwh,charge_energy_kwh,discharge_energy_kwh,curtail_energy_kwh,storage_start_kwh,storage_end_kwh,plan_cost_yuan,adjustment_cost_yuan,emergency_cost_yuan,total_cost_yuan,forecast_mae_kwh,max_balance_residual_kwh,gate_count
2025-02-01,99873.867818,51272.373781,0.000000,12523.202595,5823.794102,10194.789355,6000.000000,10800.000000,64336.675694,0.000000,0.000000,64336.675694,166.123970,0.000000,0
2025-02-02,99848.496891,82334.298838,0.000000,19975.682376,16180.302724,182.641233,10800.000000,10800.000000,64373.569113,0.000000,0.000000,64373.569113,70.510323,0.000000,0
2025-02-03,99644.307633,83995.866973,0.000000,19889.213026,16110.262551,0.000000,10800.000000,10800.000000,64224.150095,0.000000,0.000000,64224.150095,50.543032,0.000000,0
2025-02-04,99462.410865,85298.494610,0.000000,21046.371744,17047.561113,104.820028,10800.000000,10800.000000,64090.590902,0.000000,0.000000,64090.590902,44.847341,0.000000,0
2025-02-05,99280.275156,84725.455476,0.000000,20843.438033,16883.184807,16.775267,10800.000000,10800.000000,63960.455653,0.000000,0.000000,63960.455653,49.592270,0.000000,0
2025-02-06,99149.719649,84169.118354,0.000000,20508.738539,16612.078217,1.400817,10800.000000,10800.000000,63849.927298,0.000000,0.000000,63849.927298,55.259373,0.000000,0
2025-02-07,98942.541401,45368.855200,0.000000,7811.549256,6327.354897,12078.981174,10800.000000,10800.000000,63708.083949,0.000000,0.000000,63708.083949,176.730845,0.000000,0
2025-02-08,98959.897823,44159.626372,0.000000,6902.822825,5591.286488,11270.927319,10800.000000,10800.000000,63720.632655,0.000000,0.000000,63720.632655,173.214194,0.000000,0
2025-02-09,98960.531315,83454.623585,0.000000,20337.906316,16473.704116,35.005417,10800.000000,10800.000000,63722.442866,0.000000,0.000000,63722.442866,52.440817,0.000000,0
2025-02-10,98808.007130,78859.013806,0.000000,18590.347317,15058.181327,1000.210233,10800.000000,10800.000000,63605.606561,0.000000,0.000000,63605.606561,79.989067,0.000000,0
2025-02-11,98666.676926,79447.157310,0.000000,19339.213306,15664.762778,552.109649,10800.000000,10800.000000,63496.407535,0.000000,0.000000,63496.407535,72.001802,0.000000,0
2025-02-12,98515.878149,79667.955431,0.000000,19183.962703,15539.009790,756.266384,10800.000000,10800.000000,63384.874344,0.000000,0.000000,63384.874344,76.086111,0.000000,0
2025-02-13,98377.296413,75946.545049,0.000000,17365.970263,14066.435913,1317.531683,10800.000000,10800.000000,63284.518484,0.000000,0.000000,63284.518484,105.192464,0.000000,0
2025-02-14,98232.468159,43679.787417,0.000000,6646.434645,5383.612063,12615.163018,10800.000000,10800.000000,63178.823926,0.000000,0.000000,63178.823926,178.801588,0.000000,0
2025-02-15,98226.381460,43843.481710,0.000000,6613.311975,5356.782699,13306.861336,10800.000000,10800.000000,63180.885658,0.000000,0.000000,63180.885658,174.208992,0.000000,0
2025-02-16,98209.760686,79307.447827,0.000000,18623.171190,15084.768664,391.666201,10800.000000,10800.000000,63175.082987,0.000000,0.000000,63175.082987,68.548715,0.000000,0
2025-02-17,98054.759877,75798.251272,0.000000,16990.711079,13762.475974,1386.152999,10800.000000,10800.000000,63063.107027,0.000000,0.000000,63063.107027,89.359861,0.000000,0
2025-02-18,97902.375017,76414.055062,0.000000,17622.244537,14274.018075,974.440818,10800.000000,10800.000000,62953.629978,0.000000,0.000000,62953.629978,79.480707,0.000000,0
2025-02-19,97747.281216,77650.359034,0.000000,18506.226413,14990.043394,1254.848633,10800.000000,10800.000000,62841.307468,0.000000,0.000000,62841.307468,84.572279,0.000000,0
2025-02-20,97618.355180,75662.997686,0.000000,17165.129654,13903.755020,1408.489317,10800.000000,10800.000000,62748.840055,0.000000,0.000000,62748.840055,95.996619,0.000000,0
2025-02-21,97492.165804,42637.226647,0.000000,6372.204943,5161.486004,15866.245675,10800.000000,10800.000000,62661.869577,0.000000,0.000000,62661.869577,196.550233,0.000000,0
2025-02-22,97510.048114,42833.808789,0.000000,6566.059387,5318.508103,13741.494621,10800.000000,10800.000000,62678.205285,0.000000,0.000000,62678.205285,169.654387,0.000000,0
2025-02-23,97503.526734,75687.821158,0.000000,17444.374965,14129.943721,841.536233,10800.000000,10800.000000,62675.594588,0.000000,0.000000,62675.594588,84.838131,0.000000,0
2025-02-24,97392.545144,73860.094710,0.000000,16422.632602,13302.332407,2536.760900,10800.000000,10800.000000,62591.821475,0.000000,0.000000,62591.821475,96.276499,0.000000,0
2025-02-25,97287.190085,72362.831583,0.000000,15531.491842,12580.508392,3590.524901,10800.000000,10800.000000,62513.907602,0.000000,0.000000,62513.907602,111.230354,0.000000,0
2025-02-26,97187.615957,73898.786784,0.000000,16248.661505,13161.415819,1996.693066,10800.000000,10800.000000,62436.367212,0.000000,0.000000,62436.367212,93.674784,0.000000,0
2025-02-27,96688.942736,73151.533630,0.000000,17335.722648,14041.935345,2901.162128,10800.000000,10800.000000,62076.208583,0.000000,0.000000,62076.208583,107.129794,0.000000,0
2025-02-28,96204.159863,41699.935709,0.000000,6513.079695,5275.594553,17169.857019,10800.000000,10800.000000,61719.420392,0.000000,0.000000,61719.420392,196.611228,0.000000,0
2025-03-01,96296.006869,40533.529252,0.000000,6528.654717,5288.210320,15634.318922,10800.000000,10800.000000,61791.030841,0.000000,0.000000,61791.030841,184.225590,0.000000,0
2025-03-02,96379.225860,75865.365383,0.000000,18101.511497,14662.224313,67.771134,10800.000000,10800.000000,61853.942907,0.000000,0.000000,61853.942907,69.972931,0.000000,0
2025-03-03,95894.399052,76486.961341,0.000000,18644.421109,15101.981099,927.374699,10800.000000,10800.000000,61476.980540,0.000000,0.000000,61476.980540,56.934845,0.000000,0
2025-03-04,95314.454190,73885.861000,0.000000,17290.861041,14005.597443,1401.139468,10800.000000,10800.000000,61035.698950,0.000000,0.000000,61035.698950,73.995222,0.000000,0
2025-03-05,94736.179534,70822.150922,0.000000,16181.016422,13106.623301,1617.285784,10800.000000,10800.000000,60604.658271,0.000000,0.000000,60604.658271,89.814563,0.000000,0
2025-03-06,94098.586217,70970.961213,0.000000,15919.042272,12894.424240,2005.689049,10800.000000,10800.000000,60109.068387,0.000000,0.000000,60109.068387,92.610981,0.000000,0
2025-03-07,93331.843153,39335.969144,0.000000,6282.869179,5089.124035,17219.938467,10800.000000,10800.000000,59515.343631,0.000000,0.000000,59515.343631,189.692869,0.000000,0
2025-03-08,93426.476870,39686.095162,0.000000,6369.376293,5159.194798,19412.774151,10800.000000,10800.000000,59586.660702,0.000000,0.000000,59586.660702,196.473450,0.000000,0
2025-03-09,93524.911250,69840.694852,0.000000,15835.653189,12826.879083,3498.395696,10800.000000,10800.000000,59663.030304,0.000000,0.000000,59663.030304,102.606580,0.000000,0
2025-03-10,92878.412496,71785.127978,0.000000,16607.047171,13451.708208,587.717565,10800.000000,10800.000000,59161.630142,0.000000,0.000000,59161.630142,66.126386,0.000000,0
2025-03-11,92105.881302,69385.487135,0.000000,15089.373798,12222.392776,2579.587314,10800.000000,10800.000000,58588.353585,0.000000,0.000000,58588.353585,85.923753,0.000000,0
2025-03-12,91422.037965,68755.071820,0.000000,14915.819412,12081.813724,3485.531451,10800.000000,10800.000000,58064.915573,0.000000,0.000000,58064.915573,94.564672,0.000000,0
2025-03-13,90614.704389,71372.115434,0.000000,16724.592117,13546.919615,648.824917,10800.000000,10800.000000,57435.245531,0.000000,0.000000,57435.245531,64.379301,0.000000,0
2025-03-14,89791.232858,38696.973493,0.000000,6696.512505,5424.175129,21395.210134,10800.000000,10800.000000,56851.806171,0.000000,0.000000,56851.806171,200.403296,0.000000,0
2025-03-15,89896.074726,39485.824603,0.000000,6727.311247,5449.122110,17283.510318,10800.000000,10800.000000,56929.818283,0.000000,0.000000,56929.818283,164.460288,0.000000,0
2025-03-16,89969.346060,68287.206768,0.000000,14953.456735,12112.299955,2095.003056,10800.000000,10800.000000,56987.404476,0.000000,0.000000,56987.404476,82.854764,0.000000,0
2025-03-17,89251.755487,65300.346330,0.000000,13738.856293,11128.473597,4831.832201,10800.000000,10800.000000,56453.780258,0.000000,0.000000,56453.780258,108.285407,0.000000,0
2025-03-18,88327.750110,67607.971888,0.000000,16280.695389,13187.363265,3388.681401,10800.000000,10800.000000,55789.521949,0.000000,0.000000,55789.521949,80.190445,0.000000,0
2025-03-19,87584.963958,66697.455876,0.000000,16400.085129,13284.068955,4115.969254,10800.000000,10800.000000,55183.917863,0.000000,0.000000,55183.917863,88.459986,0.000000,0
2025-03-20,86831.650238,68147.745111,0.000000,16497.072557,13362.628771,2804.339505,10800.000000,10800.000000,54629.488236,0.000000,0.000000,54629.488236,68.214393,0.000000,0
2025-03-21,85877.815422,38380.168025,0.000000,7427.463550,6016.245476,24935.485432,10800.000000,10800.000000,53939.696941,0.000000,0.000000,53939.696941,203.579005,0.000000,0
2025-03-22,85995.821893,38094.688512,0.000000,7102.933754,5753.376340,20863.931367,10800.000000,10800.000000,54021.537501,0.000000,0.000000,54021.537501,179.238512,0.000000,0
2025-03-23,86086.653643,66405.999262,0.000000,16010.787424,12968.737814,4594.229534,10800.000000,10800.000000,54084.203527,0.000000,0.000000,54084.203527,93.494532,0.000000,0
2025-03-24,85307.866399,65959.820615,0.000000,15898.934906,12878.137274,4940.525899,10800.000000,10800.000000,53548.722165,0.000000,0.000000,53548.722165,86.182827,0.000000,0
2025-03-25,84509.329793,68195.194527,0.000000,16568.199255,13420.241396,4097.111949,10800.000000,10800.000000,52995.274322,0.000000,0.000000,52995.274322,67.477246,0.000000,0
2025-03-26,83659.218942,64092.095231,0.000000,15481.650928,12540.137251,5558.026683,10800.000000,10800.000000,52374.437801,0.000000,0.000000,52374.437801,95.837273,0.000000,0
2025-03-27,82999.686412,65818.697705,0.000000,15800.494948,12798.400908,4099.614268,10800.000000,10800.000000,51921.016512,0.000000,0.000000,51921.016512,72.938885,0.000000,0
2025-03-28,82244.280305,37591.683531,0.000000,7234.013760,5859.551146,25395.340150,10800.000000,10800.000000,51353.655198,0.000000,0.000000,51353.655198,190.915653,0.000000,0
2025-03-29,82345.182093,37748.564822,0.000000,7144.863626,5787.339537,28683.831549,10800.000000,10800.000000,51428.189272,0.000000,0.000000,51428.189272,216.427207,0.000000,0
2025-03-30,82451.524152,64119.341765,0.000000,15682.229014,12702.605501,5794.098551,10800.000000,10800.000000,51508.456489,0.000000,0.000000,51508.456489,95.468948,0.000000,0
2025-03-31,81701.887434,63905.524781,0.000000,15170.002618,12287.702120,4071.834799,10800.000000,10800.000000,50959.855754,0.000000,0.000000,50959.855754,74.855474,0.000000,0
2025-04-01,80830.637976,65398.169119,0.000000,15673.858000,12695.824980,2211.284584,10800.000000,10800.000000,50310.350072,0.000000,0.000000,50310.350072,61.600313,0.000000,0
2025-04-02,80181.831619,66558.705760,0.000000,18318.679001,14838.129991,2642.821351,10800.000000,10800.000000,49821.195650,0.000000,0.000000,49821.195650,57.329109,0.000000,0
2025-04-03,79755.512690,64481.434489,0.000000,17055.499618,13814.954691,5377.359298,10800.000000,10800.000000,49508.942846,0.000000,0.000000,49508.942846,73.423015,0.000000,0
2025-04-04,79233.949847,36700.677256,0.000000,7762.822750,6287.886427,28794.938682,10800.000000,10800.000000,49119.512668,0.000000,0.000000,49119.512668,200.771901,0.000000,0
2025-04-05,79333.524402,37118.045829,0.000000,7805.802694,6322.700182,23590.828333,10800.000000,10800.000000,49196.897070,0.000000,0.000000,49196.897070,167.044610,0.000000,0
2025-04-06,79399.566948,63309.393418,0.000000,16309.895924,13211.015699,5800.436928,10800.000000,10800.000000,49247.927309,0.000000,0.000000,49247.927309,80.482602,0.000000,0
2025-04-07,78806.107518,61518.454124,0.000000,15509.132108,12562.397007,5328.999743,10800.000000,10800.000000,48815.547872,0.000000,0.000000,48815.547872,85.132375,0.000000,0
2025-04-08,78352.173398,63905.957294,0.000000,16992.735944,13764.116115,6324.143845,10800.000000,10800.000000,48468.720839,0.000000,0.000000,48468.720839,73.997993,0.000000,0
2025-04-09,77690.642199,65140.684210,0.000000,17285.292060,14001.086569,2722.167700,10800.000000,10800.000000,47951.286616,0.000000,0.000000,47951.286616,42.609458,0.000000,0
2025-04-10,76868.575174,63033.567451,0.000000,17364.446774,14065.201887,5273.684667,10800.000000,10800.000000,47342.572998,0.000000,0.000000,47342.572998,64.951711,0.000000,0
2025-04-11,76385.638443,36555.385874,0.000000,8303.685827,6725.985520,29661.035400,10800.000000,10800.000000,46986.853218,0.000000,0.000000,46986.853218,186.768582,0.000000,0
2025-04-12,76482.524730,35862.096628,0.000000,7761.056114,6286.455452,25362.335416,10800.000000,10800.000000,47057.039935,0.000000,0.000000,47057.039935,169.461734,0.000000,0
2025-04-13,76555.027796,62246.802686,0.000000,16816.777216,13621.589545,4775.256536,10800.000000,10800.000000,47112.863887,0.000000,0.000000,47112.863887,62.454684,0.000000,0
2025-04-14,75733.775899,60847.021038,0.000000,16801.674986,13609.356739,5126.670994,10800.000000,10800.000000,46515.131295,0.000000,0.000000,46515.131295,69.378855,0.000000,0
2025-04-15,75313.180631,59606.989839,0.000000,16067.256166,13014.477494,6414.782335,10800.000000,10800.000000,46232.289199,0.000000,0.000000,46232.289199,84.931142,0.000000,0
2025-04-16,74672.466172,62784.816203,0.000000,16930.610853,13713.794791,3788.408187,10800.000000,10800.000000,45792.548558,0.000000,0.000000,45792.548558,49.201362,0.000000,0
2025-04-17,74080.319088,60987.175310,0.000000,16783.630314,13594.740554,4929.943201,10800.000000,10800.000000,45376.326395,0.000000,0.000000,45376.326395,57.442735,0.000000,0
2025-04-18,73422.594544,35304.974462,0.000000,7874.501905,6378.346543,27454.701917,10800.000000,10800.000000,44939.362406,0.000000,0.000000,44939.362406,158.030122,0.000000,0
2025-04-19,73499.840677,35224.474773,0.000000,7726.138893,6258.172503,26971.829133,10800.000000,10800.000000,44993.894495,0.000000,0.000000,44993.894495,167.434676,0.000000,0
2025-04-20,73574.377622,59939.745351,0.000000,17185.228437,13920.035034,4716.807064,10800.000000,10800.000000,45046.779311,0.000000,0.000000,45046.779311,56.084547,0.000000,0
2025-04-21,72921.627148,59445.564796,0.000000,16109.584728,13048.763630,7867.833316,10800.000000,10800.000000,44602.853883,0.000000,0.000000,44602.853883,80.745515,0.000000,0
2025-04-22,72440.034150,59547.059904,0.000000,16133.037573,13067.760434,4328.853449,10800.000000,10800.000000,44256.834879,0.000000,0.000000,44256.834879,58.133538,0.000000,0
2025-04-23,72114.636411,58699.238181,0.000000,16035.090223,12988.423080,4252.654320,10800.000000,10800.000000,44007.584678,0.000000,0.000000,44007.584678,62.235847,0.000000,0
2025-04-24,71600.982581,57882.756274,0.000000,16179.922953,13105.737592,7718.464216,10800.000000,10800.000000,43650.560950,0.000000,0.000000,43650.560950,83.109149,0.000000,0
2025-04-25,71172.967840,34427.093764,0.000000,7829.048323,6341.529141,30939.216934,10800.000000,10800.000000,43313.012807,0.000000,0.000000,43313.012807,170.133184,0.000000,0
2025-04-26,71256.095920,34905.889966,0.000000,7640.193856,6188.557023,33384.059501,10800.000000,10800.000000,43373.992644,0.000000,0.000000,43373.992644,196.243287,0.000000,0
2025-04-27,71347.490297,58802.094637,0.000000,16798.380110,13606.687889,7036.931232,10800.000000,10800.000000,43439.593741,0.000000,0.000000,43439.593741,61.613428,0.000000,0
2025-04-28,70764.849794,62378.996388,0.000000,17790.899331,14410.628458,2376.758201,10800.000000,10800.000000,43028.894290,0.000000,0.000000,43028.894290,55.379497,0.000000,0
2025-04-29,70340.913490,57468.789729,0.000000,15639.587828,12668.066141,7064.054324,10800.000000,10800.000000,42711.268130,0.000000,0.000000,42711.268130,73.021945,0.000000,0
2025-04-30,69780.762066,57014.084403,0.000000,15777.569914,12779.831630,5759.491683,10800.000000,10800.000000,42314.084324,0.000000,0.000000,42314.084324,72.842301,0.000000,0
2025-05-01,69245.747008,59633.094573,944.873332,17322.584293,14427.941523,6671.946334,10800.000000,10359.279727,41926.914945,0.000000,5976.226728,47903.141673,74.319352,0.000000,0
2025-05-02,68787.209132,38572.933083,0.000000,9510.633260,7306.964695,22078.944435,10359.279727,10800.000000,41588.002637,0.000000,0.000000,41588.002637,76.666612,0.000000,0
2025-05-03,68805.128484,37571.769829,0.000000,8864.024978,7179.860232,27020.433434,10800.000000,10800.000000,41633.395022,0.000000,0.000000,41633.395022,120.527898,0.000000,0
2025-05-04,68842.796958,58598.946074,907.218473,16132.235289,13333.775992,4973.037917,10800.000000,10503.705102,41658.933477,0.000000,5590.610649,47249.544126,75.385020,0.000000,0
2025-05-05,68516.596784,60793.772283,625.484994,18338.254265,15116.223337,3121.219551,10503.705102,10212.330233,41372.004809,0.000000,3918.294644,45290.299453,48.557656,0.000000,0
2025-05-06,68075.370999,60322.425144,768.607978,18231.991173,15188.119160,5177.078743,10212.330233,9745.434333,41037.588591,0.000000,4775.922632,45813.511223,63.634232,0.000000,0
2025-05-07,67684.781835,61821.313396,774.865090,17919.794694,14813.849043,4422.386880,9745.434333,9413.417287,40772.762456,0.000000,4879.665394,45652.427850,43.347246,0.000000,0
2025-05-08,67298.817203,60914.232060,881.087892,17973.275847,14654.514779,2650.046483,9413.417287,9306.571351,40525.216445,0.000000,5496.208121,46021.424566,58.797111,0.000000,0
2025-05-09,66962.902714,38065.191221,0.000000,10595.355160,7238.151895,26208.602106,9306.571351,10800.000000,40291.801792,0.000000,0.000000,40291.801792,104.190067,0.000000,0
2025-05-10,66988.699850,36712.575876,0.000000,8671.752348,7024.119402,22943.897646,10800.000000,10800.000000,40364.505558,0.000000,0.000000,40364.505558,86.986924,0.000000,0
2025-05-11,67015.271450,61248.466683,798.758808,17451.557228,14378.231776,3489.820957,10800.000000,10530.588420,40381.356733,0.000000,5350.522241,45731.878974,56.475601,0.000000,0
2025-05-12,66916.479145,58463.883015,399.561391,16091.140781,13112.088508,3953.196899,10530.588420,10443.627892,40289.494103,0.000000,2542.377162,42831.871266,65.529351,0.000000,0
2025-05-13,66771.717688,59818.933855,539.316121,17746.937832,14432.867876,3914.967249,10443.627892,10379.352079,40168.687705,0.000000,3452.757490,43621.445195,45.273219,0.000000,0
2025-05-14,66327.963134,59657.188258,371.082820,17406.957323,14314.827177,3921.992147,10379.352079,10140.250139,39889.196377,0.000000,2311.011692,42200.208069,45.551389,0.000000,0
2025-05-15,66181.985104,59425.728663,209.463139,17815.296901,14535.312330,3590.148950,10140.250139,10023.670316,39751.875663,0.000000,972.946934,40724.822597,39.321044,0.000000,0
2025-05-16,65773.967615,36176.106573,0.000000,8832.538352,6455.659350,31083.721040,10023.670316,10800.000000,39494.541446,0.000000,0.000000,39494.541446,139.612539,0.000000,0
2025-05-17,65815.304448,36404.700393,0.000000,8226.230226,6663.246483,24392.917568,10800.000000,10800.000000,39576.035284,0.000000,0.000000,39576.035284,96.852013,0.000000,0
2025-05-18,65838.673841,59311.920663,178.088442,18206.876834,14919.065590,2526.029760,10800.000000,10609.449606,39592.375803,0.000000,1021.953525,40614.329328,56.724467,0.000000,0
2025-05-19,65664.270791,57227.883854,343.692755,17271.731225,14054.797873,6839.426704,10609.449606,10537.565627,39466.561662,0.000000,2272.651002,41739.212664,64.957961,0.000000,0
2025-05-20,65519.758308,59137.709549,341.994409,17555.543181,14351.270916,1748.036874,10537.565627,10391.697917,39387.749161,0.000000,2355.132183,41742.881344,59.581665,0.000000,0
2025-05-21,65408.278206,59711.109320,116.789499,16695.979514,13695.421049,5464.725068,10391.697917,10200.944981,39330.687411,0.000000,557.559201,39888.246612,58.352872,0.000000,0
2025-05-22,65337.672629,58611.991771,2.570000,17599.496438,14085.058715,4283.493232,10200.944981,10390.426535,39301.631492,0.000000,17.333365,39318.964857,42.070776,0.000000,0
2025-05-23,65047.462725,35356.931527,0.000000,8488.718003,6507.245464,26954.510107,10390.426535,10800.000000,39205.935191,0.000000,0.000000,39205.935191,106.047460,0.000000,0
2025-05-24,65067.913713,34911.400249,0.000000,8011.759105,6489.524875,29634.664636,10800.000000,10800.000000,39245.178547,0.000000,0.000000,39245.178547,129.378001,0.000000,0
2025-05-25,65086.325950,57419.890226,29.383239,16829.350750,13645.472417,5720.384951,10800.000000,10784.779656,39255.904465,0.000000,123.547735,39379.452200,48.433918,0.000000,0
2025-05-26,64919.125140,60621.694243,0.000000,18391.590348,14883.489873,2533.760816,10784.779656,10800.000000,39180.046560,0.000000,0.000000,39180.046560,49.093259,0.000000,0
2025-05-27,64910.270408,57210.837266,75.012014,17078.966908,13834.947913,4651.462983,10800.000000,10798.905869,39188.440010,0.000000,521.788342,39710.228353,51.502194,0.000000,0
2025-05-28,64644.809617,60173.398292,0.000000,18141.026083,14693.246409,4451.794519,10798.905869,10800.000000,39064.532081,0.000000,0.000000,39064.532081,53.661450,0.000000,0
2025-05-29,64449.168067,60482.619728,17.817433,18938.939546,15340.541032,2791.915148,10800.000000,10800.000000,38971.450400,0.000000,119.777696,39091.228096,47.304459,0.000000,0
2025-05-30,64325.578933,34843.318049,0.000000,8062.566639,6530.678977,26715.197120,10800.000000,10800.000000,38905.085160,0.000000,0.000000,38905.085160,100.687203,0.000000,0
2025-05-31,64324.897548,34815.319611,0.000000,8294.055947,6718.185317,24850.267431,10800.000000,10800.000000,38901.614705,0.000000,0.000000,38901.614705,97.305948,0.000000,0
2025-06-01,64340.538181,64340.538181,8944.406327,15405.879653,13345.761441,0.000000,10800.000000,9836.667864,38909.911747,0.000000,57405.355549,96315.267296,148.278753,0.000000,0
2025-06-02,64611.159804,64158.091447,7082.142111,18458.167692,15858.741585,0.000000,9836.667864,8828.194803,39055.095233,0.000000,46549.041022,85604.136255,126.127087,0.000000,0
2025-06-03,64836.477429,64744.991114,6098.667268,18223.220659,15571.929107,0.000000,8828.194803,7926.949943,39206.950807,0.000000,38426.791206,77633.742012,126.156820,0.000000,0
2025-06-04,65260.286069,65195.323083,6725.854196,16777.698224,14501.781765,0.000000,7926.949943,6913.787495,39456.938660,0.000000,44588.027979,84044.966639,127.873945,0.000000,0
2025-06-05,65391.942610,65346.925462,8276.203871,17125.198106,14651.386794,0.000000,6913.787495,6047.147130,39569.741923,0.000000,53465.578697,93035.320620,140.251136,0.000000,0
2025-06-06,65799.223327,48365.719977,0.000000,14845.767903,8085.642432,10750.599108,6047.147130,10424.291095,39837.123206,0.000000,0.000000,39837.123206,95.148374,0.000000,0
2025-06-07,65742.877452,42821.484419,0.000000,10438.420810,8116.982842,9373.533284,10424.291095,10800.000000,39818.964036,0.000000,0.000000,39818.964036,88.191798,0.000000,0
2025-06-08,65691.276461,65183.578703,3075.578239,18540.237934,15785.101073,319.096817,10800.000000,9947.212948,39810.433008,0.000000,19861.530417,59671.963425,105.601608,0.000000,0
2025-06-09,65990.806198,65949.567396,7686.637430,17715.128163,15011.636070,0.000000,9947.212948,9211.232661,39987.367079,0.000000,51027.528103,91014.895182,134.035730,0.000000,0
2025-06-10,66715.728609,66668.167348,7517.999045,17357.373876,14789.651713,0.000000,9211.232661,8399.922802,40467.269163,0.000000,49346.374104,89813.643266,142.998272,0.000000,0
2025-06-11,67446.105250,67359.557769,11483.944400,17607.706041,14848.650187,0.000000,8399.922802,7748.358030,40937.459121,0.000000,71908.792748,112846.251869,165.929719,0.000000,0
2025-06-12,68139.962813,68051.460793,7629.184591,18384.096119,15155.842169,0.000000,7748.358030,7454.219905,41415.571632,0.000000,51099.491841,92515.063473,143.212563,0.000000,0
2025-06-13,69314.147473,45504.150538,0.000000,13411.661519,7852.243745,11599.419066,7454.219905,10800.000000,42208.246565,0.000000,0.000000,42208.246565,65.817373,0.000000,0
2025-06-14,69249.153875,42191.292369,0.000000,9355.694791,7578.112781,14220.367609,10800.000000,10800.000000,42217.168156,0.000000,0.000000,42217.168156,74.443390,0.000000,0
2025-06-15,69202.390136,68882.065805,4806.291425,18558.067101,15496.684203,0.000000,10800.000000,10283.722388,42179.893346,0.000000,32118.137588,74298.030935,128.569030,0.000000,0
2025-06-16,70703.066642,70491.681864,5903.885764,20138.535182,16437.020370,0.000000,10283.722388,10145.048085,43112.833922,0.000000,38034.244691,81147.078613,135.109856,0.000000,0
2025-06-17,72123.248040,72017.636730,5975.719276,19500.985435,16144.640649,0.000000,10145.048085,9757.445367,44186.097719,0.000000,40188.979830,84375.077549,150.509224,0.000000,0
2025-06-18,73463.682882,72885.587196,1822.365842,20634.008631,16854.446497,0.000000,9757.445367,9600.890361,45043.019280,0.000000,12472.263104,57515.282384,122.959260,0.000000,0
2025-06-19,74599.258066,73060.391046,311.675548,22505.542484,18108.003905,715.023817,9600.890361,9735.874258,45797.197536,0.000000,1937.287753,47734.485290,103.451533,0.000000,0
2025-06-20,75179.792188,42036.405836,0.000000,9423.543239,6675.356856,16887.638603,9735.874258,10800.000000,46211.600579,0.000000,0.000000,46211.600579,56.511180,0.000000,0
2025-06-21,75103.370704,40600.091735,0.000000,8623.329625,6984.896996,19626.918707,10800.000000,10800.000000,46208.646675,0.000000,0.000000,46208.646675,59.365177,0.000000,0
2025-06-22,75021.194581,71722.102806,123.803951,21053.729013,17123.997622,458.834267,10800.000000,10721.692087,46150.048134,0.000000,821.503462,46971.551596,94.385159,0.000000,0
2025-06-23,75524.024229,71228.251045,362.062898,21516.087646,17438.936373,451.876666,10721.692087,10709.575000,46487.599827,0.000000,2513.589994,49001.189821,83.601579,0.000000,0
2025-06-24,75933.212042,75267.035922,4998.894525,21261.023218,17263.885016,0.000000,10709.575000,10662.401434,46810.174961,0.000000,29195.885342,76006.060303,146.317126,0.000000,0
2025-06-25,76876.887198,74853.568158,13.016499,22659.603043,18230.439755,0.000000,10662.401434,10800.000000,47466.255295,0.000000,87.929927,47554.185222,104.944874,0.000000,0
2025-06-26,77317.664515,71574.387140,94.053952,21689.775029,17568.717773,0.000000,10800.000000,10800.000000,47802.754300,0.000000,634.071655,48436.825955,81.882775,0.000000,0
2025-06-27,77596.692037,40476.549879,0.000000,8366.317415,6776.717106,19115.303705,10800.000000,10800.000000,48020.829293,0.000000,0.000000,48020.829293,61.405880,0.000000,0
2025-06-28,77577.527694,40960.531691,0.000000,8102.744280,6563.222867,17644.084161,10800.000000,10800.000000,48004.686833,0.000000,0.000000,48004.686833,58.473727,0.000000,0
2025-06-29,77541.473682,73272.024111,0.000000,21067.283070,17064.499287,1.471789,10800.000000,10800.000000,47973.448380,0.000000,0.000000,47973.448380,80.219562,0.000000,0
2025-06-30,77913.220792,73931.170148,41.251877,21551.252852,17456.514810,0.000000,10800.000000,10800.000000,48232.360422,0.000000,277.994822,48510.355244,79.997889,0.000000,0
2025-07-01,78268.480438,77433.278331,4528.499205,21459.907699,18364.674193,0.000000,10800.000000,9708.723381,48499.026525,0.000000,25276.569319,73775.595844,134.792972,0.000000,0
2025-07-02,78719.451340,74332.095256,2176.439513,20544.820243,17645.284425,704.232584,9708.723381,8593.190016,48779.055953,0.000000,13225.376436,62004.432389,98.328019,0.000000,0
2025-07-03,78989.190644,78425.660418,4752.092888,21839.616993,18422.282617,0.000000,8593.190016,7779.642402,48975.349664,0.000000,27378.084154,76353.433818,142.230420,0.000000,0
2025-07-04,79699.513194,53822.164256,0.000000,13364.256430,8106.725871,19683.766225,7779.642402,10800.000000,49512.167293,0.000000,0.000000,49512.167293,84.999724,0.000000,0
2025-07-05,79636.362207,50869.391940,0.000000,9836.068264,7967.215294,20210.459002,10800.000000,10800.000000,49517.477782,0.000000,0.000000,49517.477782,87.391238,0.000000,0
2025-07-06,79592.339362,78129.348454,4929.197028,21706.623719,18442.059786,0.000000,10800.000000,9844.783807,49482.485785,0.000000,30587.208008,80069.693793,129.428108,0.000000,0
2025-07-07,80277.317629,75245.009379,1589.433745,20632.033613,17585.695922,378.622669,9844.783807,8873.951923,49966.983437,0.000000,9734.913545,59701.896982,87.613441,0.000000,0
2025-07-08,80582.485811,76274.656371,3415.882621,21446.312404,18131.575660,804.415233,8873.951923,8029.437908,50180.420513,0.000000,20452.834018,70633.254531,111.527993,0.000000,0
2025-07-09,81023.155025,76227.858106,1613.021637,21615.246831,18184.638009,351.545900,8029.437908,7278.006713,50501.590724,0.000000,10243.857167,60745.447890,91.494651,0.000000,0
2025-07-10,81360.394432,75797.058119,1551.577588,20988.310030,17540.694612,1047.396911,7278.006713,6677.825059,50745.492313,0.000000,9732.426214,60477.918528,91.920280,0.000000,0
2025-07-11,81737.752241,54915.940044,0.000000,14229.522463,7815.955748,15983.596180,6677.825059,10800.000000,51021.895634,0.000000,0.000000,51021.895634,71.605403,0.000000,0
2025-07-12,81625.638436,50972.479510,0.000000,9541.622526,7728.714246,18075.327896,10800.000000,10800.000000,50989.456083,0.000000,0.000000,50989.456083,68.730974,0.000000,0
2025-07-13,81554.539590,73821.557336,1440.181531,19852.018792,16675.612856,2817.612533,10800.000000,10138.358184,50932.813545,0.000000,9259.064435,60191.877980,100.470070,0.000000,0
2025-07-14,81938.771532,74435.200279,1559.811311,19410.394767,16248.969211,1025.906820,10138.358184,9553.303240,51177.993299,0.000000,9921.906049,61099.899348,81.858229,0.000000,0
2025-07-15,82442.486220,75357.336107,1069.062880,19443.557078,16033.834647,267.625972,9553.303240,9237.132780,51536.781126,0.000000,6621.863865,58158.644991,87.353016,0.000000,0
2025-07-16,83220.686161,76135.292519,583.046183,19014.798519,15836.915066,1405.891867,9237.132780,8753.879152,52079.403110,0.000000,4006.100314,56085.503425,85.402224,0.000000,0
2025-07-17,84150.394067,77281.005514,632.226007,20501.585084,16831.871566,1523.101933,8753.879152,8503.226209,52793.119984,0.000000,4118.205391,56911.325375,84.614553,0.000000,0
2025-07-18,84934.630017,52091.300750,0.000000,10943.206754,6796.901059,16670.746955,8503.226209,10800.000000,53397.339743,0.000000,0.000000,53397.339743,69.097549,0.000000,0
2025-07-19,84835.138973,50341.048152,0.000000,8452.296328,6846.360025,21552.292799,10800.000000,10800.000000,53378.817327,0.000000,0.000000,53378.817327,98.860790,0.000000,0
2025-07-20,84744.377021,77293.910570,55.665741,18951.654212,15444.539767,1752.483652,10800.000000,10695.889049,53304.936720,0.000000,384.351522,53689.288242,71.345410,0.000000,0
2025-07-21,85165.798454,78697.597805,76.788495,19967.298006,16170.274608,987.613552,10695.889049,10699.485469,53601.129120,0.000000,477.710993,54078.840113,71.211431,0.000000,0
2025-07-22,85572.530494,78209.468545,119.163494,19574.598125,15764.961403,723.850700,10699.485469,10800.000000,53901.250451,0.000000,803.566346,54704.816797,71.880375,0.000000,0
2025-07-23,85915.996146,79784.706242,31.858594,20116.524748,16294.385046,1777.878017,10800.000000,10800.000000,54138.832405,0.000000,214.786598,54353.619003,72.733139,0.000000,0
2025-07-24,86265.779676,78168.324495,0.000000,18784.635062,15215.554400,982.771833,10800.000000,10800.000000,54380.727351,0.000000,0.000000,54380.727351,78.766396,0.000000,0
2025-07-25,86646.320886,49076.633764,0.000000,8129.331647,6584.758634,21026.741186,10800.000000,10800.000000,54655.056991,0.000000,0.000000,54655.056991,108.648965,0.000000,0
2025-07-26,86552.868963,49466.945217,0.000000,8643.442519,7001.188440,19355.599573,10800.000000,10800.000000,54586.730361,0.000000,0.000000,54586.730361,85.637515,0.000000,0
2025-07-27,86466.670285,78498.798101,0.000000,20901.249388,16930.012004,842.370918,10800.000000,10800.000000,54520.315243,0.000000,0.000000,54520.315243,75.478428,0.000000,0
2025-07-28,86488.028133,82126.784291,0.000000,21120.107855,17107.287363,159.086565,10800.000000,10800.000000,54530.471758,0.000000,0.000000,54530.471758,69.114340,0.000000,0
2025-07-29,86627.899118,80255.988046,50.655608,20210.695975,16370.663740,397.365467,10800.000000,10800.000000,54621.738183,0.000000,341.221238,54962.959421,49.953676,0.000000,0
2025-07-30,86788.617898,79506.196501,0.000000,19759.758409,16005.404311,1648.588352,10800.000000,10800.000000,54727.534224,0.000000,0.000000,54727.534224,59.027143,0.000000,0
2025-07-31,86877.905945,79163.260228,0.194244,20292.706389,16437.092175,612.843989,10800.000000,10800.000000,54802.909884,0.000000,1.305808,54804.215692,41.693843,0.000000,0
2025-08-01,86929.853239,48478.606569,0.000000,7828.205362,6340.846343,25739.887884,10800.000000,10800.000000,54845.150457,0.000000,0.000000,54845.150457,148.209978,0.000000,0
2025-08-02,86971.495396,48183.756844,0.000000,8152.492426,6603.518865,25707.758351,10800.000000,10800.000000,54875.782126,0.000000,0.000000,54875.782126,139.670717,0.000000,0
2025-08-03,87014.965247,72319.436722,75.856524,16578.838142,13428.858895,6405.834014,10800.000000,10800.000000,54903.703713,0.000000,511.290434,55414.994147,107.477658,0.000000,0
2025-08-04,87091.467620,73100.549454,0.000000,16087.827911,13031.140608,4628.207066,10800.000000,10800.000000,54976.550600,0.000000,0.000000,54976.550600,82.915213,0.000000,0
2025-08-05,86959.480051,73321.800190,0.000000,16761.274600,13576.632426,4984.848284,10800.000000,10800.000000,54883.263182,0.000000,0.000000,54883.263182,84.654019,0.000000,0
2025-08-06,86817.376947,74963.682709,0.000000,16989.264165,13761.303973,3621.323250,10800.000000,10800.000000,54794.258448,0.000000,0.000000,54794.258448,66.845759,0.000000,0
2025-08-07,86468.751622,72603.498066,6.976999,17064.170716,13821.978280,5980.297379,10800.000000,10800.000000,54527.803921,0.000000,47.140092,54574.944013,85.940398,0.000000,0
2025-08-08,86280.305134,47221.058177,0.000000,8134.045520,6588.576871,29900.418277,10800.000000,10800.000000,54374.778388,0.000000,0.000000,54374.778388,178.012048,0.000000,0
2025-08-09,86332.334219,47654.469369,0.000000,7938.359617,6430.071290,27224.252041,10800.000000,10800.000000,54413.984871,0.000000,0.000000,54413.984871,149.725976,0.000000,0
2025-08-10,86357.991145,71810.373693,0.000000,16346.139451,13240.372955,3399.988151,10800.000000,10800.000000,54433.133646,0.000000,0.000000,54433.133646,61.527839,0.000000,0
2025-08-11,86104.390722,72763.326855,2.142324,17590.374101,14248.203022,4862.044770,10800.000000,10800.000000,54243.594167,0.000000,14.442479,54258.036647,69.484424,0.000000,0
2025-08-12,85726.190903,74751.736523,0.000000,16967.047801,13743.308719,3767.453786,10800.000000,10800.000000,53992.329041,0.000000,0.000000,53992.329041,54.191234,0.000000,0
2025-08-13,85386.534232,72662.886749,0.000000,16746.808834,13564.915155,3360.013626,10800.000000,10800.000000,53807.304167,0.000000,0.000000,53807.304167,56.322889,0.000000,0
2025-08-14,85199.661683,73132.248053,0.000000,18802.775435,15230.248102,3633.429734,10800.000000,10800.000000,53697.342903,0.000000,0.000000,53697.342903,64.315041,0.000000,0
2025-08-15,85023.005351,47238.639409,0.000000,8341.110450,6756.299464,28494.101539,10800.000000,10800.000000,53604.547249,0.000000,0.000000,53604.547249,162.410728,0.000000,0
2025-08-16,85042.525608,47380.944438,0.000000,8129.544509,6584.931052,28907.050614,10800.000000,10800.000000,53615.825531,0.000000,0.000000,53615.825531,161.292260,0.000000,0
2025-08-17,85052.184773,71456.125586,18.991177,17372.763238,14071.938223,5008.898134,10800.000000,10800.000000,53619.803703,0.000000,127.742705,53747.546407,68.031847,0.000000,0
2025-08-18,84951.062961,71715.875437,2.630515,18075.858949,14641.445749,3889.977136,10800.000000,10800.000000,53572.881648,0.000000,17.741506,53590.623154,62.223294,0.000000,0
2025-08-19,84910.131159,72377.969987,58.346072,16970.064688,13745.752398,4894.343715,10800.000000,10800.000000,53553.832468,0.000000,393.428336,53947.260804,61.997706,0.000000,0
2025-08-20,84466.420199,76088.357006,0.000000,20673.415229,16745.466336,1509.717045,10800.000000,10800.000000,53258.109817,0.000000,0.000000,53258.109817,44.338979,0.000000,0
2025-08-21,84177.474542,71906.882285,0.000000,17150.654147,13892.029859,2803.839516,10800.000000,10800.000000,53100.736326,0.000000,0.000000,53100.736326,46.317124,0.000000,0
2025-08-22,83909.142404,47949.223890,0.000000,8490.478182,6877.287328,25105.463636,10800.000000,10800.000000,52922.653232,0.000000,0.000000,52922.653232,128.442994,0.000000,0
2025-08-23,83894.440004,47311.146134,0.000000,8265.919878,6695.395101,23210.615207,10800.000000,10800.000000,52910.618770,0.000000,0.000000,52910.618770,118.767362,0.000000,0
2025-08-24,83879.105180,72178.539741,0.000000,18410.902686,14912.831176,4946.878750,10800.000000,10800.000000,52896.929697,0.000000,0.000000,52896.929697,60.168801,0.000000,0
2025-08-25,83662.959799,75698.669613,0.000000,19222.386388,15570.132974,1273.329185,10800.000000,10800.000000,52759.475695,0.000000,0.000000,52759.475695,47.355961,0.000000,0
2025-08-26,83516.150590,71994.668988,0.000000,18425.387674,14924.564016,2965.026950,10800.000000,10800.000000,52685.762636,0.000000,0.000000,52685.762636,48.996814,0.000000,0
2025-08-27,83136.288246,74258.961988,0.000000,20090.804929,16273.551992,2527.560187,10800.000000,10800.000000,52456.459833,0.000000,0.000000,52456.459833,44.706068,0.000000,0
2025-08-28,83006.048250,75852.051098,3.337985,20048.902871,16239.611325,1278.302555,10800.000000,10800.000000,52386.175360,0.000000,22.501359,52408.676720,56.017324,0.000000,0
2025-08-29,82640.060466,46374.899077,0.000000,9444.349422,7649.923031,22025.252338,10800.000000,10800.000000,52160.406000,0.000000,0.000000,52160.406000,113.387433,0.000000,0
2025-08-30,82663.661854,47384.214993,0.000000,8294.698653,6718.705909,27295.502415,10800.000000,10800.000000,52175.792274,0.000000,0.000000,52175.792274,141.669494,0.000000,0
2025-08-31,82703.629679,73301.356543,0.000000,19118.867786,15486.282907,3022.148585,10800.000000,10800.000000,52201.916881,0.000000,0.000000,52201.916881,41.671307,0.000000,0
2025-09-01,82223.362376,61625.063899,0.000000,15398.883840,12473.095910,5125.141433,10800.000000,10800.000000,51894.604765,0.000000,0.000000,51894.604765,110.400836,0.000000,0
2025-09-02,81865.287430,61512.757835,0.000000,17387.728916,14084.060422,4151.333494,10800.000000,10800.000000,51680.157147,0.000000,0.000000,51680.157147,107.283943,0.000000,0
2025-09-03,81449.959134,63287.566612,0.000000,15269.853414,12368.581265,4838.577216,10800.000000,10800.000000,51411.800859,0.000000,0.000000,51411.800859,94.911128,0.000000,0
2025-09-04,81138.444873,62252.848364,0.000000,16812.411431,13618.053259,5132.924639,10800.000000,10800.000000,51226.872748,0.000000,0.000000,51226.872748,105.492833,0.000000,0
2025-09-05,80809.136354,37238.358414,0.000000,7394.107658,5989.227203,29009.216292,10800.000000,10800.000000,51012.470882,0.000000,0.000000,51012.470882,209.702859,0.000000,0
2025-09-06,80920.179428,37379.256811,0.000000,7229.929517,5856.242909,28284.486504,10800.000000,10800.000000,51084.438799,0.000000,0.000000,51084.438799,204.565624,0.000000,0
2025-09-07,81023.779828,61416.823614,0.000000,17067.865787,13824.971287,3212.945495,10800.000000,10800.000000,51154.402797,0.000000,0.000000,51154.402797,92.709954,0.000000,0
2025-09-08,80897.284917,65035.904705,0.000000,16881.176426,13673.752905,2432.911651,10800.000000,10800.000000,51063.731477,0.000000,0.000000,51063.731477,77.761830,0.000000,0
2025-09-09,80651.604507,62516.917159,0.000000,16628.794079,13469.323204,6254.612019,10800.000000,10800.000000,50886.883132,0.000000,0.000000,50886.883132,99.850570,0.000000,0
2025-09-10,80425.108433,64969.756042,170.474473,19260.473418,15600.983468,164.741917,10800.000000,10800.000000,50747.548627,0.000000,830.836469,51578.385096,93.990968,0.000000,0
2025-09-11,80361.081003,62017.007325,0.000000,17572.518370,14233.739879,5182.143048,10800.000000,10800.000000,50705.933919,0.000000,0.000000,50705.933919,101.999989,0.000000,0
2025-09-12,80052.907674,37813.692128,0.000000,7783.805624,6304.882555,24783.112857,10800.000000,10800.000000,50500.327857,0.000000,0.000000,50500.327857,163.284533,0.000000,0
2025-09-13,80122.808045,37851.131260,0.000000,7527.161983,6097.001206,28413.868998,10800.000000,10800.000000,50549.057162,0.000000,0.000000,50549.057162,189.140598,0.000000,0
2025-09-14,80195.541762,65302.247890,0.000000,18281.936802,14808.368809,1729.355147,10800.000000,10800.000000,50598.481216,0.000000,0.000000,50598.481216,81.112374,0.000000,0
2025-09-15,79968.525280,62360.657851,0.000000,18780.095071,15211.877007,3725.409154,10800.000000,10800.000000,50445.819139,0.000000,0.000000,50445.819139,97.787968,0.000000,0
2025-09-16,79485.772339,65643.621345,0.000000,18297.623126,14821.074732,2675.302967,10800.000000,10800.000000,50130.107343,0.000000,0.000000,50130.107343,69.114243,0.000000,0
2025-09-17,79099.323776,64522.537385,395.173689,18879.920170,15292.735338,1370.407844,10800.000000,10800.000000,49897.911137,0.000000,1969.830588,51867.741724,75.424670,0.000000,0
2025-09-18,78686.140594,64002.445924,117.445606,19232.570587,15578.382175,1509.652001,10800.000000,10800.000000,49635.676029,0.000000,572.110883,50207.786912,71.211811,0.000000,0
2025-09-19,78383.946630,38165.805181,0.000000,7853.344078,6361.208703,20572.317490,10800.000000,10800.000000,49477.647028,0.000000,0.000000,49477.647028,112.967322,0.000000,0
2025-09-20,78421.379556,38043.708349,0.000000,8446.967918,6842.044014,20793.350713,10800.000000,10800.000000,49504.177914,0.000000,0.000000,49504.177914,125.722849,0.000000,0
2025-09-21,78462.699114,64238.851217,0.000000,17692.004489,14330.523636,2589.882884,10800.000000,10800.000000,49531.496413,0.000000,0.000000,49531.496413,68.291651,0.000000,0
2025-09-22,77946.796723,66093.098232,0.000000,19128.144891,15493.797361,1844.730818,10800.000000,10800.000000,49204.950714,0.000000,0.000000,49204.950714,62.867252,0.000000,0
2025-09-23,77413.647044,66012.541891,341.528224,19785.742760,16026.451636,478.163405,10800.000000,10800.000000,48898.643804,0.000000,1706.365503,50605.009307,77.119017,0.000000,0
2025-09-24,77249.595836,65178.433830,1089.395044,18939.106702,15340.676429,1606.173500,10800.000000,10800.000000,48817.451323,0.000000,5615.970294,54433.421617,69.858111,0.000000,0
2025-09-25,76924.482656,65343.421847,357.309010,19161.739651,15521.009118,1724.551427,10800.000000,10800.000000,48595.177487,0.000000,1852.332484,50447.509972,62.636144,0.000000,0
2025-09-26,76575.881023,37520.022555,0.000000,8478.449815,6867.544351,18214.873589,10800.000000,10800.000000,48384.197024,0.000000,0.000000,48384.197024,108.008086,0.000000,0
2025-09-27,76588.954366,39110.159453,0.000000,8912.233541,7218.909168,19615.532828,10800.000000,10800.000000,48396.552166,0.000000,0.000000,48396.552166,103.965020,0.000000,0
2025-09-28,76594.816514,65957.563919,1220.343347,19422.516317,15732.238217,0.000000,10800.000000,10800.000000,48403.835319,0.000000,6247.967654,54651.802973,89.992683,0.000000,0
2025-09-29,76798.185658,65727.623654,1055.356151,19425.589558,15734.727542,332.226185,10800.000000,10800.000000,48525.463685,0.000000,5393.013237,53918.476922,64.368983,0.000000,0
2025-09-30,76800.183784,67781.980713,1513.380395,20385.191273,16512.004931,0.000000,10800.000000,10800.000000,48532.733324,0.000000,7750.096825,56282.830149,84.339726,0.000000,0
2025-10-01,77031.834245,58485.721441,0.000000,16730.150121,13551.421598,5645.471381,10800.000000,10800.000000,48720.399982,0.000000,0.000000,48720.399982,96.082577,0.000000,0
2025-10-02,76719.786492,59446.835500,0.000000,17554.451495,14219.105711,4380.706594,10800.000000,10800.000000,48535.989281,0.000000,0.000000,48535.989281,76.809976,0.000000,0
2025-10-03,76531.222694,35066.660756,0.000000,7625.204100,6176.415321,25800.718278,10800.000000,10800.000000,48429.389320,0.000000,0.000000,48429.389320,152.878955,0.000000,0
2025-10-04,76558.768002,35993.499090,0.000000,8035.179223,6508.495170,21370.832605,10800.000000,10800.000000,48454.088132,0.000000,0.000000,48454.088132,120.779539,0.000000,0
2025-10-05,76567.172847,61134.619634,0.000000,17616.203511,14269.124844,3051.579900,10800.000000,10800.000000,48465.635181,0.000000,0.000000,48465.635181,62.754049,0.000000,0
2025-10-06,76283.880109,63180.053932,0.000000,18228.788508,14765.318692,1983.474868,10800.000000,10800.000000,48293.418224,0.000000,0.000000,48293.418224,48.232487,0.000000,0
2025-10-07,76038.738170,62581.055266,466.731450,18295.245228,14819.148635,1800.127123,10800.000000,10800.000000,48126.417124,0.000000,2344.631968,50471.049092,58.254326,0.000000,0
2025-10-08,75431.053109,62541.369795,86.505290,18556.473296,15030.743370,2623.649491,10800.000000,10800.000000,47696.364878,0.000000,437.938456,48134.303334,57.630580,0.000000,0
2025-10-09,74511.270547,62223.143375,132.503655,18728.137639,15169.791487,3037.319197,10800.000000,10800.000000,47138.616637,0.000000,664.870141,47803.486778,61.285195,0.000000,0
2025-10-10,72504.611664,36954.959039,0.000000,8780.329442,7112.066848,25943.085527,10800.000000,10800.000000,45476.560252,0.000000,0.000000,45476.560252,134.150603,0.000000,0
2025-10-11,72527.749431,36842.029481,0.000000,9226.036569,7473.089621,20982.768948,10800.000000,10800.000000,45494.398747,0.000000,0.000000,45494.398747,104.484758,0.000000,0
2025-10-12,72515.083493,63361.196251,167.800497,19460.069987,15762.656689,1316.627470,10800.000000,10800.000000,45490.912585,0.000000,841.302702,46332.215288,53.539837,0.000000,0
2025-10-13,72133.294780,62917.208155,0.000000,19839.435434,16069.942701,2120.320118,10800.000000,10800.000000,45237.660633,0.000000,0.000000,45237.660633,52.403748,0.000000,0
2025-10-14,71815.459066,64400.363966,1085.103022,19820.134173,16054.308680,945.812212,10800.000000,10800.000000,45026.378479,0.000000,5525.495589,50551.874068,62.478611,0.000000,0
2025-10-15,71663.243341,65265.261580,455.000497,20001.254858,16201.016435,0.000000,10800.000000,10800.000000,44922.121160,0.000000,2296.894131,47219.015291,63.497272,0.000000,0
2025-10-16,71493.606429,66626.135397,933.491524,21482.225116,17400.602344,511.531201,10800.000000,10800.000000,44791.744654,0.000000,4778.961784,49570.706437,79.398219,0.000000,0
2025-10-17,71398.492750,37647.100579,0.000000,9170.695179,7428.263095,19900.469177,10800.000000,10800.000000,44738.895504,0.000000,0.000000,44738.895504,85.171007,0.000000,0
2025-10-18,71383.980848,37868.081746,0.000000,9034.604817,7318.029902,20074.913564,10800.000000,10800.000000,44737.585705,0.000000,0.000000,44737.585705,88.528494,0.000000,0
2025-10-19,71381.975162,67429.718276,685.166364,22045.659313,17856.984043,40.486834,10800.000000,10800.000000,44742.727285,0.000000,3473.505878,48216.233163,74.295886,0.000000,0
2025-10-20,71459.019927,66560.173556,1767.191530,20455.698514,16569.115796,0.000000,10800.000000,10800.000000,44743.394448,0.000000,8860.945402,53604.339851,71.522280,0.000000,0
2025-10-21,71276.540257,68507.003949,1853.780471,20516.858240,16618.655174,0.000000,10800.000000,10800.000000,44603.469856,0.000000,9785.779790,54389.249646,89.233969,0.000000,0
2025-10-22,71384.885843,67128.219053,2301.921972,20396.022779,16520.778451,0.000000,10800.000000,10800.000000,44641.549762,0.000000,11500.680520,56142.230283,77.754507,0.000000,0
2025-10-23,71351.298979,66541.645041,1134.668676,20842.035498,16882.048754,336.829938,10800.000000,10800.000000,44616.465995,0.000000,5682.389668,50298.855663,75.613210,0.000000,0
2025-10-24,71375.994200,39049.017837,0.000000,9244.658722,7488.173565,18872.481965,10800.000000,10800.000000,44661.744274,0.000000,0.000000,44661.744274,73.848277,0.000000,0
2025-10-25,71379.994908,39009.955505,0.000000,9022.813409,7308.478861,17897.188226,10800.000000,10800.000000,44667.724357,0.000000,0.000000,44667.724357,70.026172,0.000000,0
2025-10-26,71325.419041,67804.319430,687.953106,20778.739568,16830.779050,0.000000,10800.000000,10800.000000,44641.920548,0.000000,3431.478348,48073.398897,70.863707,0.000000,0
2025-10-27,71503.654038,67656.741545,669.905897,22289.622075,18054.593881,539.037578,10800.000000,10800.000000,44740.498310,0.000000,3490.542308,48231.040619,69.614980,0.000000,0
2025-10-28,71855.558386,68894.804897,1162.079961,21497.174523,17412.711364,0.000000,10800.000000,10800.000000,45009.044656,0.000000,5886.814290,50895.858946,75.464794,0.000000,0
2025-10-29,72189.329175,69874.214814,3279.019124,20215.669154,16374.692014,0.000000,10800.000000,10800.000000,45221.985744,0.000000,18840.695095,64062.680838,93.795079,0.000000,0
2025-10-30,72576.984166,68910.116785,533.035622,21533.032133,17441.756028,564.058653,10800.000000,10800.000000,45480.455140,0.000000,2650.789166,48131.244306,74.564827,0.000000,0
2025-10-31,72860.189885,40050.471618,0.000000,8937.956752,7239.744969,14447.967768,10800.000000,10800.000000,45666.797677,0.000000,0.000000,45666.797677,65.950497,0.000000,0
2025-11-01,72794.552328,39916.467247,0.000000,8655.295317,7010.789207,15727.922706,10800.000000,10800.000000,45622.110212,0.000000,0.000000,45622.110212,61.730764,0.000000,0
2025-11-02,72730.016281,70672.966591,2195.278659,21430.849026,17358.987711,0.000000,10800.000000,10800.000000,45583.180629,0.000000,12122.924619,57706.105248,85.827712,0.000000,0
2025-11-03,73121.502809,71229.373447,2145.873577,20370.088136,16499.771390,0.000000,10800.000000,10800.000000,45825.645205,0.000000,12973.437989,58799.083194,90.790796,0.000000,0
2025-11-04,73405.307724,70875.298593,850.859859,21821.507472,17675.421053,0.000000,10800.000000,10800.000000,45987.862673,0.000000,4139.414842,50127.277515,67.534178,0.000000,0
2025-11-05,73653.263770,71853.284502,1910.155424,21502.209794,17416.789933,0.000000,10800.000000,10800.000000,46138.424456,0.000000,10568.760946,56707.185402,84.438864,0.000000,0
2025-11-06,74165.293306,72418.609615,2896.997102,20768.537715,16822.515549,0.000000,10800.000000,10800.000000,46453.966500,0.000000,15209.676730,61663.643230,103.222172,0.000000,0
2025-11-07,74556.306527,40986.615468,0.000000,9923.694809,8038.192795,15782.651671,10800.000000,10800.000000,46658.288269,0.000000,0.000000,46658.288269,73.750890,0.000000,0
2025-11-08,74507.940246,40907.660809,0.000000,9291.866986,7526.412258,15350.998982,10800.000000,10800.000000,46627.249971,0.000000,0.000000,46627.249971,65.144071,0.000000,0
2025-11-09,74435.943418,72613.649453,2797.178150,21389.528509,17325.518092,0.000000,10800.000000,10800.000000,46584.604113,0.000000,16755.337593,63339.941706,92.716020,0.000000,0
2025-11-10,74793.729569,73147.189420,4555.525792,20233.011098,16388.738990,0.000000,10800.000000,10800.000000,46778.480424,0.000000,27357.012382,74135.492807,112.032394,0.000000,0
2025-11-11,75125.021787,73531.121783,2248.820702,22215.383262,17994.460442,0.000000,10800.000000,10800.000000,46828.880491,0.000000,12523.301349,59352.181840,82.078934,0.000000,0
2025-11-12,75547.806934,73620.435968,1689.178632,22913.825517,18560.198668,0.000000,10800.000000,10800.000000,47098.182312,0.000000,8844.104691,55942.287002,84.364454,0.000000,0
2025-11-13,76015.436136,74314.932005,2186.090360,21606.058134,17500.907089,0.000000,10800.000000,10800.000000,47426.108373,0.000000,14700.517079,62126.625452,95.212463,0.000000,0
2025-11-14,76431.015798,42433.991474,0.000000,9264.045879,7503.877162,13075.367456,10800.000000,10800.000000,47698.187136,0.000000,0.000000,47698.187136,66.148123,0.000000,0
2025-11-15,76394.276992,42538.703143,0.000000,9610.173860,7784.240826,12500.883193,10800.000000,10800.000000,47672.097388,0.000000,0.000000,47672.097388,64.949437,0.000000,0
2025-11-16,76351.992448,74867.121683,3724.834903,21881.116858,17723.704655,0.000000,10800.000000,10800.000000,47644.346508,0.000000,21632.060108,69276.406617,101.055614,0.000000,0
2025-11-17,76924.710624,75346.496244,1682.005346,22803.932935,18471.185677,0.000000,10800.000000,10800.000000,48022.883864,0.000000,8955.951308,56978.835172,94.930550,0.000000,0
2025-11-18,77366.438728,76017.437318,2969.825889,21561.638827,17464.927450,0.000000,10800.000000,10800.000000,48312.048056,0.000000,19141.157760,67453.205817,96.361622,0.000000,0
2025-11-19,77827.017662,76799.175679,2866.702675,22618.772386,18321.205633,0.000000,10800.000000,10800.000000,48602.080936,0.000000,15857.531353,64459.612289,96.400131,0.000000,0
2025-11-20,78344.979691,77019.421123,2045.084615,22481.208967,18209.779263,0.000000,10800.000000,10800.000000,48965.169375,0.000000,13679.068052,62644.237426,97.825838,0.000000,0
2025-11-21,78841.355692,43434.419506,0.000000,8832.930065,7154.673353,12891.778726,10800.000000,10800.000000,49341.144577,0.000000,0.000000,49341.144577,60.751506,0.000000,0
2025-11-22,78806.857640,43813.218118,0.000000,9269.923078,7508.637693,11832.103250,10800.000000,10800.000000,49315.786510,0.000000,0.000000,49315.786510,62.096490,0.000000,0
2025-11-23,78765.435670,77601.936887,2032.099421,23168.105394,18766.165369,0.000000,10800.000000,10800.000000,49284.581210,0.000000,9843.690879,59128.272089,91.314090,0.000000,0
2025-11-24,79288.170395,78161.011768,488.504359,23618.802253,19131.229825,0.000000,10800.000000,10800.000000,49656.722738,0.000000,3393.796022,53050.518760,81.589239,0.000000,0
2025-11-25,79763.699385,78689.959903,1798.305656,22734.763662,18415.158566,0.000000,10800.000000,10800.000000,50011.322075,0.000000,10879.350420,60890.672494,88.288113,0.000000,0
2025-11-26,80192.922562,78660.372872,2370.185679,22488.903510,18216.011843,0.000000,10800.000000,10800.000000,50344.217850,0.000000,14714.178939,65058.396789,92.030018,0.000000,0
2025-11-27,80696.997276,79082.783738,1048.781146,22898.274490,18547.602337,0.000000,10800.000000,10800.000000,50743.549944,0.000000,7241.633217,57985.183161,91.526088,0.000000,0
2025-11-28,81047.369563,43603.005048,0.000000,9015.314865,7302.405041,10968.856675,10800.000000,10800.000000,51001.143763,0.000000,0.000000,51001.143763,65.160898,0.000000,0
2025-11-29,80957.395370,43880.193511,0.000000,8858.666830,7175.520132,7267.596714,10800.000000,10800.000000,50932.272322,0.000000,0.000000,50932.272322,86.325114,0.000000,0
2025-11-30,80887.382520,79733.211854,4572.100855,21370.971552,17310.486957,0.000000,10800.000000,10800.000000,50878.473349,0.000000,29047.913082,79926.386431,108.288469,0.000000,0
2025-12-01,81387.034702,81140.190588,9276.511896,21672.498696,17554.723944,0.000000,10800.000000,10800.000000,51244.712520,0.000000,53019.698829,104264.411348,141.639528,0.000000,0
2025-12-02,82010.088111,81882.892375,10669.525823,20603.201315,16688.593065,0.000000,10800.000000,10800.000000,51690.521390,0.000000,61453.251577,113143.772967,155.284530,0.000000,0
2025-12-03,82584.415664,82402.104229,8704.800576,20758.717073,16814.560829,0.000000,10800.000000,10800.000000,52103.428289,0.000000,51447.447092,103550.875381,139.950318,0.000000,0
2025-12-04,83305.683460,82800.165392,8125.707481,21866.653269,17711.989148,0.000000,10800.000000,10800.000000,52624.076972,0.000000,45897.292086,98521.369058,139.544454,0.000000,0
2025-12-05,83805.667722,48451.672555,0.000000,10076.349147,8161.842809,5225.538532,10800.000000,10800.000000,52985.227666,0.000000,0.000000,52985.227666,80.165353,0.000000,0
2025-12-06,83686.708370,50030.862944,0.000000,10232.084182,8287.988188,4422.136133,10800.000000,10800.000000,52899.489206,0.000000,0.000000,52899.489206,89.269624,0.000000,0
2025-12-07,83588.805206,83328.912089,8361.551398,21251.485452,17213.703216,0.000000,10800.000000,10800.000000,52827.769287,0.000000,49435.732179,102263.501466,134.454307,0.000000,0
2025-12-08,84272.017877,83754.841616,8172.339365,21473.525584,17393.555723,0.000000,10800.000000,10800.000000,53287.796820,0.000000,48270.232765,101558.029585,130.985518,0.000000,0
2025-12-09,85082.848735,84709.881096,6986.473702,22673.160691,18365.260160,0.000000,10800.000000,10800.000000,53832.050228,0.000000,40578.599301,94410.649529,128.102730,0.000000,0
2025-12-10,86033.889457,85831.993211,6856.027434,22633.695668,18333.293491,0.000000,10800.000000,10800.000000,54482.776180,0.000000,39896.537876,94379.314056,130.563815,0.000000,0
2025-12-11,86775.742569,86220.410720,4217.457779,23561.125271,19084.511469,0.000000,10800.000000,10800.000000,55006.734359,0.000000,23079.726873,78086.461231,111.285484,0.000000,0
2025-12-12,87496.027156,48984.773503,0.000000,9650.576418,7816.966898,3436.750500,10800.000000,10800.000000,55512.915916,0.000000,0.000000,55512.915916,80.223573,0.000000,0
2025-12-13,87403.318422,49260.396619,0.000000,9996.336148,8097.032279,3562.559368,10800.000000,10800.000000,55443.085438,0.000000,0.000000,55443.085438,76.392808,0.000000,0
2025-12-14,87302.796299,86923.342483,6218.590150,22964.267541,18601.056709,0.000000,10800.000000,10800.000000,55366.175046,0.000000,35448.308370,90814.483417,122.173250,0.000000,0
2025-12-15,88469.075400,87950.663578,5858.155727,22838.217560,18498.956224,0.000000,10800.000000,10800.000000,56214.956291,0.000000,32885.098441,89100.054732,125.415606,0.000000,0
2025-12-16,89901.813682,89525.462206,4353.957931,23480.677912,19019.349109,0.000000,10800.000000,10800.000000,57264.317894,0.000000,23896.136717,81160.454611,121.815977,0.000000,0
2025-12-17,91730.649126,91398.650801,1456.387333,24543.110870,19879.919805,0.000000,10800.000000,10800.000000,58676.083919,0.000000,7744.570463,66420.654381,111.537641,0.000000,0
2025-12-18,92802.491398,90780.348300,1311.500648,24871.484109,20145.902129,0.000000,10800.000000,10800.000000,59451.613505,0.000000,6324.709812,65776.323317,102.965056,0.000000,0
2025-12-19,93617.522849,49185.785707,0.000000,9074.836051,7350.617202,4553.175558,10800.000000,10800.000000,60079.062699,0.000000,0.000000,60079.062699,58.998418,0.000000,0
2025-12-20,93524.242199,49582.864795,0.000000,9446.065691,7651.313210,4931.760064,10800.000000,10800.000000,60008.610931,0.000000,0.000000,60008.610931,57.221176,0.000000,0
2025-12-21,93431.359273,92659.212177,1040.989709,24539.052726,19876.632708,0.000000,10800.000000,10800.000000,59939.088824,0.000000,5789.233070,65728.321893,108.103555,0.000000,0
2025-12-22,94062.546921,93397.534621,363.363157,25386.687864,20563.217170,0.000000,10800.000000,10800.000000,60388.011850,0.000000,1788.085999,62176.097849,105.120779,0.000000,0
2025-12-23,94635.266797,91907.388794,0.000000,24469.980309,19820.684050,0.000000,10800.000000,10800.000000,60804.536299,0.000000,0.000000,60804.536299,87.889764,0.000000,0
2025-12-24,95111.330056,92617.044223,7.994671,25107.787265,20337.307685,0.000000,10800.000000,10800.000000,61128.476864,0.000000,46.437045,61174.913909,89.235000,0.000000,0
2025-12-25,95470.672843,92396.837232,0.000000,24128.361584,19543.972883,0.000000,10800.000000,10800.000000,61366.288600,0.000000,0.000000,61366.288600,90.371067,0.000000,0
2025-12-26,95808.679172,49352.839268,0.000000,8990.210974,7282.070889,4637.076750,10800.000000,10800.000000,61601.311439,0.000000,0.000000,61601.311439,59.853148,0.000000,0
2025-12-27,95735.983976,49228.953729,0.000000,8757.598836,7093.655057,4226.200883,10800.000000,10800.000000,61546.023676,0.000000,0.000000,61546.023676,55.709794,0.000000,0
2025-12-28,95651.310925,91274.107717,14.963018,23577.978855,19098.162873,0.000000,10800.000000,10800.000000,61481.535225,0.000000,86.748460,61568.283685,71.465098,0.000000,0
2025-12-29,95871.666568,92017.775564,0.000000,23652.680509,19158.671212,0.000000,10800.000000,10800.000000,61626.852149,0.000000,0.000000,61626.852149,66.880710,0.000000,0
2025-12-30,96045.010277,90715.001249,0.000000,23634.729733,19144.131084,0.000000,10800.000000,10800.000000,61735.195207,0.000000,0.000000,61735.195207,53.346890,0.000000,0
2025-12-31,96223.194227,93349.958851,11.386343,24815.380321,20100.458060,0.000000,10800.000000,10800.000000,61860.993544,0.000000,45.488442,61906.481986,66.800860,0.000000,0
